"Identificador de URL";Nombre;Categorías;Precio;"Precio promocional";"Peso (kg)";"Alto (cm)";"Ancho (cm)";"Profundidad (cm)";Stock;SKU;"Código de barras";"Mostrar en mi tienda en línea";"Envío sin cargo";Descripción;Tags;"Título para SEO";"Descripción para SEO";Marca;"Producto Físico";"MPN (Número de pieza del fabricante)";Sexo;"Rango de edad";Costo
398;"Yeso Piedra Amarillo ELITE 1kg";YESOS;5,500.00;;0.00;0.00;0.00;0.00;1;;;SÍ;NO;;;;;;SÍ;;;;
316-1;"Yeso Extraduro Tipo IV Velmix Stone";YESOS;6,000.00;;0.00;0.00;0.00;0.00;2;;;SÍ;NO;;;;;;NO;;;;
40;"Yeso Extraduro";YESOS;5,000.00;;0.00;0.00;0.00;0.00;15;;;SÍ;NO;;;;;;SÍ;;;;
39-1;"Yeso Duro Marca Moldastone M&M";YESOS;4,500.00;;0.00;0.00;0.00;0.00;4;;;SÍ;NO;;;;;;SÍ;;;;
420-3;"Cono Papel #15 Gapadent";YESOS;3,500.00;;0.00;0.00;0.00;0.00;1;;;SÍ;NO;;;;;;SÍ;;;;
416;"Sellante de Fotocurado 3M ESPE CONCISE";RESINA;26,000.00;;0.00;0.00;0.00;0.00;1;;;SÍ;NO;;;;;;SÍ;;;;
177;"Sellador Permaseal. Ultradent";RESINA;23,000.00;;0.00;0.00;0.00;0.00;1;;;SÍ;NO;;;;;;SÍ;;;;
297-5;"Resina Harmonize Kerr A3E 4mg";RESINA;33,000.00;;0.00;0.00;0.00;0.00;1;;;SÍ;NO;;;;;;SÍ;;;;
297-3;"Resina Harmonize Kerr A3D 4mg.";RESINA;33,000.00;;0.00;0.00;0.00;0.00;1;;;SÍ;NO;;;;;;SÍ;;;;
297-4;"Resina Harmonize Kerr A3,5D 4mg";RESINA;32,000.00;;0.00;0.00;0.00;0.00;1;;;SÍ;NO;;;;;;SÍ;;;;
297-2;"Resina Harmonize Kerr A2D 4mg.";RESINA;33,000.00;;0.00;0.00;0.00;0.00;1;;;SÍ;NO;;;;;;SÍ;;;;
297;"Resina Harmonize A2E. Kerr";RESINA;33,000.00;;0.00;0.00;0.00;0.00;1;;;SÍ;NO;;;;;;SÍ;;;;
148-4;"Resina Forma Zirconia Opaquer. Ultradent";RESINA;29,590.00;;0.00;0.00;0.00;0.00;1;;;SÍ;NO;;;;;;SÍ;;;;
148-9;"Resina Fluida Prime Dental 2G A3";RESINA;8,900.00;;0.00;0.00;0.00;0.00;1;;;SÍ;NO;;;;;;SÍ;;;;
148-3;"Resina Fluida I-Flow A3";RESINA;11,000.00;;0.00;0.00;0.00;0.00;1;;;SÍ;NO;;;;;;SÍ;;;;
66481;"Resina Fluida 3M Bulk Fill A-3 Bolsa 2 Unidades";RESINA;40,000.00;;0.00;0.00;0.00;0.00;1;;;SÍ;NO;;;;;;SÍ;;;;
12193790;"Resina Fluida 3M Bulk Fill A-2 Bolsa 2 Unidades";RESINA;40,000.00;;0.00;0.00;0.00;0.00;1;;;SÍ;NO;;;;;;SÍ;;;;
148;"Resina Flow Composite Revolucion A3 Jeringa 2g. Kerr";RESINA;18,000.00;;0.00;0.00;0.00;0.00;2;;;SÍ;NO;;;;;;SÍ;;;;
148-1;"Resina Flow Composite Revolucion A2 Jeringa 2g. Kerr";RESINA;18,000.00;;0.00;0.00;0.00;0.00;1;;;SÍ;NO;;;;;;SÍ;;;;
7899633826308;"Resina Compuesta Unicromatica Vittra Unique Fgm";RESINA;37,990.00;;0.00;0.00;0.00;0.00;1;;;SÍ;NO;;;;;;SÍ;;;;
439-2;"Resina Compuesta Simile A3,5 Jeringa 4Grs Kerr";RESINA;20,000.00;;0.00;0.00;0.00;0.00;1;;;SÍ;NO;;;;;;SÍ;;;;
439-1;"Resina Compuesta Simile A2 Jeringa 4Grs Kerr";RESINA;20,000.00;;0.00;0.00;0.00;0.00;1;;;SÍ;NO;;;;;;SÍ;;;;
7899633822683;"Primma Art A2 - Resina Bisacrilica Jeringa Cuerpo Doble 7G";RESINA;24,890.00;;0.00;0.00;0.00;0.00;1;;;SÍ;NO;;;;;;SÍ;;;;
791;"Pernos Fibra Lyspost #1";RESINA;9,800.00;;0.00;0.00;0.00;0.00;1;;;SÍ;NO;;;;;;SÍ;;;;
7898288146861;"Pernos Fibra Kit Mixtos Lyspost 6 Unidades";RESINA;11,500.00;;0.00;0.00;0.00;0.00;3;;;SÍ;NO;;;;;;SÍ;;;;
7898561542151;"Perno Fibra De Vidrio #1 Maquira";RESINA;9,000.00;;0.00;0.00;0.00;0.00;1;;;SÍ;NO;;;;;;SÍ;;;;
585;"Microbrush Blanco Perlado Fino";RESINA;3,000.00;;0.00;0.00;0.00;0.00;4;;;SÍ;NO;;;;;;SÍ;;;;
525;"Microbrush Amarillo Fino 1,5";RESINA;3,000.00;;0.00;0.00;0.00;0.00;10;;;SÍ;NO;;;;;;SÍ;;;;
525-3;"Micro Aplicadores Marca Azul";RESINA;3,000.00;;0.00;0.00;0.00;0.00;6;;;SÍ;NO;;;;;;SÍ;;;;
291;"Kit Resina Harmonize 4 Jeringas. Kerr";RESINA;50,000.00;;0.00;0.00;0.00;0.00;1;;;SÍ;NO;;;;;;SÍ;;;;
567;"Kit Matrices Cervicales Transparentes. Kerr";RESINA;28,990.00;;0.00;0.00;0.00;0.00;2;;;SÍ;NO;;;;;;SÍ;;;;
7898229800975;"Huincha Lija Papel 2.5mm Microdont 50 Unidades";RESINA;4,390.00;;0.00;0.00;0.00;0.00;1;;;SÍ;NO;;;;;;SÍ;;;;
334-1;"Adhesivo Universal 3ml. Single Bond 3m";RESINA;30,000.00;;0.00;0.00;0.00;0.00;1;;;SÍ;NO;;;;;;SÍ;;;;
340;"Adhesivo Stickers En Relieve Muelita X 1 Lamina";RESINA;1,390.00;;0.00;0.00;0.00;0.00;2;;;SÍ;NO;;;;;;SÍ;;;;
293;"Adhesivo Optibond Universal Kerr 5ml";RESINA;36,000.00;;0.00;0.00;0.00;0.00;1;;;SÍ;NO;;;;;;SÍ;;;;
7899633815913;"Adhesivo Ambar APS 6ml";RESINA;24,800.00;;0.00;0.00;0.00;0.00;1;;;SÍ;NO;;;;;;SÍ;;;;
210;"3M Z350XT COLOR A3,5 JERINGA 4GR";RESINA;35,000.00;;0.00;0.00;0.00;0.00;1;;;SÍ;NO;;;;;;SÍ;;;;
211-1;"3M Z350XT COLOR A3 JERINGA 4GR";RESINA;35,000.00;;0.00;0.00;0.00;0.00;1;;;SÍ;NO;;;;;;SÍ;;;;
212;"3M Z350XT COLOR A2 JERINGA 4GR";RESINA;35,000.00;;0.00;0.00;0.00;0.00;2;;;SÍ;NO;;;;;;SÍ;;;;
211-3;"3M Z350 XT COLOR A1 B";RESINA;35,000.00;;0.00;0.00;0.00;0.00;1;;;SÍ;NO;;;;;;SÍ;;;;
387-3;"Sistema De Pulido Y Acabado 1 Paso Marca Skydent";PULIDO;12,000.00;;0.00;0.00;0.00;0.00;2;;;SÍ;NO;;;;;;SÍ;;;;
387-7;"Sistema De Pulido Acabado 1step Por Unidad Marca Skydent";PULIDO;1,200.00;;0.00;0.00;0.00;0.00;7;;;SÍ;NO;;;;;;SÍ;;;;
4976-2;"PIMPOLLO CARBURO MARCA SKYDENT COLOR ROJO";PULIDO;7,000.00;;0.00;0.00;0.00;0.00;1;;;SÍ;NO;;;;;;SÍ;;;;
4976-3;"PIMPOLLO CARBURO MARCA SKYDENT COLOR AZUL";PULIDO;7,000.00;;0.00;0.00;0.00;0.00;1;;;SÍ;NO;;;;;;SÍ;;;;
4976-1;"PIMPOLLO CARBURO MARCA SKYDENT COLOR AMARILLO";PULIDO;7,000.00;;0.00;0.00;0.00;0.00;1;;;SÍ;NO;;;;;;SÍ;;;;
175;"Piedras Montadas Blanca ,Rosada ,Azul";PULIDO;1,000.00;;0.00;0.00;0.00;0.00;4;;;SÍ;NO;;;;;;SÍ;;;;
135-2;"Papel Articular Marca Skydent";PULIDO;5,500.00;;0.00;0.00;0.00;0.00;3;;;SÍ;NO;;;;;;SÍ;;;;
387-2;"Kit Pulido De Porcelana Skydent";PULIDO;12,000.00;;0.00;0.00;0.00;0.00;1;;;SÍ;NO;;;;;;SÍ;;;;
387-1;"Kit Pulido De Acrilico";PULIDO;12,000.00;;0.00;0.00;0.00;0.00;1;;;SÍ;NO;;;;;;SÍ;;;;
7898229801323;"Huincha Lija Papel 4mm Microdont 50 Unidades";PULIDO;4,990.00;;0.00;0.00;0.00;0.00;1;;;SÍ;NO;;;;;;SÍ;;;;
7898288148018;"Huincha Lija Papel 4mm Lysanda 150 Unidades";PULIDO;5,000.00;;0.00;0.00;0.00;0.00;1;;;SÍ;NO;;;;;;SÍ;;;;
7908783201627;"Huincha Lija Metalica Lysanda 4mm";PULIDO;5,000.00;;0.00;0.00;0.00;0.00;2;;;SÍ;NO;;;;;;SÍ;;;;
174;"Gomas Para Pulir Twist";PULIDO;3,900.00;;0.00;0.00;0.00;0.00;5;;;SÍ;NO;;;;;;SÍ;;;;
70-2014-0240-4;"Gomas Para Pulir Sof-Lex 3M espe Espiral Sistema De Pulido De Diamante";PULIDO;32,000.00;;0.00;0.00;0.00;0.00;2;;;SÍ;NO;;;;;;SÍ;;;;
4922;"Gomas Para Pulir Identoflex";PULIDO;1,800.00;;0.00;0.00;0.00;0.00;5;;;SÍ;NO;;;;;;SÍ;;;;
172-1;"Gomas Para Pulir ENHANCE P/U.";PULIDO;3,000.00;;0.00;0.00;0.00;0.00;3;;;SÍ;NO;;;;;;SÍ;;;;
4921;"Gomas Para Pulir . Identoflex Kerr";PULIDO;15,000.00;;0.00;0.00;0.00;0.00;1;;;SÍ;NO;;;;;;SÍ;;;;
174-1;"Fileltro Skydent Mini";PULIDO;900.00;;0.00;0.00;0.00;0.00;6;;;SÍ;NO;;;;;;SÍ;;;;
174-2;"Fileltro Montado Skydent";PULIDO;1,200.00;;0.00;0.00;0.00;0.00;3;;;SÍ;NO;;;;;;SÍ;;;;
410;"Escobilla Pulidoocclubrush Copa X10 Unid";PULIDO;20,400.00;;0.00;0.00;0.00;0.00;1;;;SÍ;NO;;;;;;SÍ;;;;
452-8;"Discos Soflex 3M. 30 Unidades. Negro , Azul Y Celeste";PULIDO;16,500.00;;0.00;0.00;0.00;0.00;3;;;SÍ;NO;;;;;;SÍ;;;;
387-5;"Discos De Cortorneado Y Pulido 12,7 Mm. Marca Skydent";PULIDO;12,000.00;;0.00;0.00;0.00;0.00;1;;;SÍ;NO;;;;;;SÍ;;;;
387-4;"Discos De Cortorneado Y Pulido 12,5 Mm. Marca Skydent";PULIDO;12,000.00;;0.00;0.00;0.00;0.00;1;;;SÍ;NO;;;;;;SÍ;;;;
105;"Discos Carburumdun";PULIDO;600.00;;0.00;0.00;0.00;0.00;17;;;SÍ;NO;;;;;;SÍ;;;;
1102;"Gutapercha Barra Rite Dent. 10unidades";PROVISORIOS;5,790.00;;0.00;0.00;0.00;0.00;2;;;SÍ;NO;;;;;;SÍ;;;;
501-1;"Dientes Vipi Dent Ant Sup 38 - B1";PROVISORIOS;4,900.00;;0.00;0.00;0.00;0.00;3;;;SÍ;NO;;;;;;SÍ;;;;
501-10;"Dientes Newcryl Post. Sup 30L - B3";PROVISORIOS;4,900.00;;0.00;0.00;0.00;0.00;2;;;SÍ;NO;;;;;;SÍ;;;;
501-7;"Dientes Newcryl Ant. Sup 266 - A3";PROVISORIOS;4,900.00;;0.00;0.00;0.00;0.00;1;;;SÍ;NO;;;;;;SÍ;;;;
320-39;"Dientes Marche R Ant. Inferior 47";PROVISORIOS;5,000.00;;0.00;0.00;0.00;0.00;1;;;SÍ;NO;;;;;;SÍ;;;;
320-33;"Dientes Marche R Ant. Inferior 46";PROVISORIOS;5,000.00;;0.00;0.00;0.00;0.00;1;;;SÍ;NO;;;;;;SÍ;;;;
320-C;"Dientes Marche R Ant. Inferior 42";PROVISORIOS;5,000.00;;0.00;0.00;0.00;0.00;1;;;SÍ;NO;;;;;;SÍ;;;;
320-23;"Dientes Marche R Ant. Inferior 41";PROVISORIOS;5,000.00;;0.00;0.00;0.00;0.00;1;;;SÍ;NO;;;;;;SÍ;;;;
320-54;"Dientes Marche Post.Inf L34 Color 58";PROVISORIOS;5,000.00;;0.00;0.00;0.00;0.00;1;;;SÍ;NO;;;;;;SÍ;;;;
320-53;"Dientes Marche Post.Inf G34 Color 58";PROVISORIOS;5,000.00;;0.00;0.00;0.00;0.00;1;;;SÍ;NO;;;;;;SÍ;;;;
320-H;"Dientes Marche Post-Sup. Superior 30G , 47";PROVISORIOS;5,000.00;;0.00;0.00;0.00;0.00;1;;;SÍ;NO;;;;;;SÍ;;;;
320-32;"Dientes Marche M Ant. Inferior 46";PROVISORIOS;5,000.00;;0.00;0.00;0.00;0.00;1;;;SÍ;NO;;;;;;SÍ;;;;
320-27;"Dientes Marche M Ant. Inferior 45";PROVISORIOS;5,000.00;;0.00;0.00;0.00;0.00;1;;;SÍ;NO;;;;;;SÍ;;;;
320-D;"Dientes Marche M Ant. Inferior 42";PROVISORIOS;5,000.00;;0.00;0.00;0.00;0.00;1;;;SÍ;NO;;;;;;SÍ;;;;
320-22;"Dientes Marche M Ant. Inferior 41";PROVISORIOS;5,000.00;;0.00;0.00;0.00;0.00;4;;;SÍ;NO;;;;;;SÍ;;;;
320-46;"Dientes Marche M Ant. Inf. 58";PROVISORIOS;5,000.00;;0.00;0.00;0.00;0.00;1;;;SÍ;NO;;;;;;SÍ;;;;
320-G;"Dientes Marche K Ant. Inferior 47";PROVISORIOS;5,000.00;;0.00;0.00;0.00;0.00;1;;;SÍ;NO;;;;;;SÍ;;;;
320-I;"Dientes Marche H Ant. Inferior 45";PROVISORIOS;5,000.00;;0.00;0.00;0.00;0.00;1;;;SÍ;NO;;;;;;SÍ;;;;
320-M;"Dientes Marche H Ant. Inf. 58";PROVISORIOS;5,000.00;;0.00;0.00;0.00;0.00;1;;;SÍ;NO;;;;;;SÍ;;;;
320-75;"Dientes Marche G Ant Inf 45";PROVISORIOS;5,000.00;;0.00;0.00;0.00;0.00;1;;;SÍ;NO;;;;;;SÍ;;;;
320-K;"Dientes Marche Ant.Sup. 20 Color 58";PROVISORIOS;5,000.00;;0.00;0.00;0.00;0.00;1;;;SÍ;NO;;;;;;SÍ;;;;
320-L;"Dientes Marche Ant.Sup. 16 Color 58";PROVISORIOS;5,000.00;;0.00;0.00;0.00;0.00;1;;;SÍ;NO;;;;;;SÍ;;;;
320-J;"Dientes Marche Ant. Sup 23 Color 58";PROVISORIOS;5,000.00;;0.00;0.00;0.00;0.00;1;;;SÍ;NO;;;;;;SÍ;;;;
320-47;"Dientes Marche Ant. Inf R Color 58";PROVISORIOS;5,000.00;;0.00;0.00;0.00;0.00;3;;;SÍ;NO;;;;;;SÍ;;;;
320-41;"Dientes Marche 8 Ant. Superior 47";PROVISORIOS;5,000.00;;0.00;0.00;0.00;0.00;1;;;SÍ;NO;;;;;;SÍ;;;;
320-16;"Dientes Marche 34L Post. Superior 46";PROVISORIOS;5,000.00;;0.00;0.00;0.00;0.00;1;;;SÍ;NO;;;;;;SÍ;;;;
320-3;"Dientes Marche 34L Post. Superior 45";PROVISORIOS;5,000.00;;0.00;0.00;0.00;0.00;1;;;SÍ;NO;;;;;;SÍ;;;;
320-9;"Dientes Marche 34L Post. Inferior 47";PROVISORIOS;5,000.00;;0.00;0.00;0.00;0.00;1;;;SÍ;NO;;;;;;SÍ;;;;
320-8;"Dientes Marche 34L Post. Inferior 41";PROVISORIOS;5,000.00;;0.00;0.00;0.00;0.00;3;;;SÍ;NO;;;;;;SÍ;;;;
320-E;"Dientes Marche 34G Post. Superior 46";PROVISORIOS;5,000.00;;0.00;0.00;0.00;0.00;1;;;SÍ;NO;;;;;;SÍ;;;;
320-73;"Dientes Marche 34G Post. Superior 45";PROVISORIOS;5,000.00;;0.00;0.00;0.00;0.00;1;;;SÍ;NO;;;;;;SÍ;;;;
320-F;"Dientes Marche 34G Post. Inferior 46";PROVISORIOS;5,000.00;;0.00;0.00;0.00;0.00;1;;;SÍ;NO;;;;;;SÍ;;;;
320-18;"Dientes Marche 32M Post. Superior 46";PROVISORIOS;5,000.00;;0.00;0.00;0.00;0.00;1;;;SÍ;NO;;;;;;SÍ;;;;
320-74;"Dientes Marche 32M Post. Inf 45";PROVISORIOS;5,000.00;;0.00;0.00;0.00;0.00;1;;;SÍ;NO;;;;;;SÍ;;;;
320-11;"Dientes Marche 32L Post. Superior 47";PROVISORIOS;5,000.00;;0.00;0.00;0.00;0.00;1;;;SÍ;NO;;;;;;SÍ;;;;
320-81;"Dientes Marche 32L Post. Superior 42";PROVISORIOS;5,000.00;;0.00;0.00;0.00;0.00;1;;;SÍ;NO;;;;;;SÍ;;;;
320-5;"Dientes Marche 32L Post. Superior 41";PROVISORIOS;5,000.00;;0.00;0.00;0.00;0.00;1;;;SÍ;NO;;;;;;SÍ;;;;
320-6;"Dientes Marche 32L Post. Inferior 41";PROVISORIOS;5,000.00;;0.00;0.00;0.00;0.00;1;;;SÍ;NO;;;;;;SÍ;;;;
320-45;"Dientes Marche 32G Post.Sup.58";PROVISORIOS;5,000.00;;0.00;0.00;0.00;0.00;1;;;SÍ;NO;;;;;;SÍ;;;;
320-B;"Dientes Marche 32G Post. Superior 42";PROVISORIOS;5,000.00;;0.00;0.00;0.00;0.00;1;;;SÍ;NO;;;;;;SÍ;;;;
320-95;"Dientes Marche 32G Post. Sup.45";PROVISORIOS;5,000.00;;0.00;0.00;0.00;0.00;1;;;SÍ;NO;;;;;;SÍ;;;;
320-77;"Dientes Marche 32G Post. Inferior 42";PROVISORIOS;5,000.00;;0.00;0.00;0.00;0.00;3;;;SÍ;NO;;;;;;SÍ;;;;
320-49;"Dientes Marche 32G Post. Inf.58";PROVISORIOS;5,000.00;;0.00;0.00;0.00;0.00;1;;;SÍ;NO;;;;;;SÍ;;;;
320-93;"Dientes Marche 32G Post. Inf 47";PROVISORIOS;5,000.00;;0.00;0.00;0.00;0.00;1;;;SÍ;NO;;;;;;SÍ;;;;
320-78;"Dientes Marche 30L Post. Inferior 46";PROVISORIOS;5,000.00;;0.00;0.00;0.00;0.00;1;;;SÍ;NO;;;;;;SÍ;;;;
320-N;"Dientes Marche 34L Post.Sup.58";PROVISORIOS;5,000.00;;0.00;0.00;0.00;0.00;1;;;SÍ;NO;;;;;;SÍ;;;;
320-79;"Dientes Marche 30G Post. Inferior 42";PROVISORIOS;5,000.00;;0.00;0.00;0.00;0.00;1;;;SÍ;NO;;;;;;SÍ;;;;
320-50;"Dientes Marche 28 Ant. Superior 46";PROVISORIOS;5,000.00;;0.00;0.00;0.00;0.00;1;;;SÍ;NO;;;;;;SÍ;;;;
320-60;"Dientes Marche 27 Ant. Superior 46";PROVISORIOS;5,000.00;;0.00;0.00;0.00;0.00;2;;;SÍ;NO;;;;;;SÍ;;;;
320-55;"Dientes Marche 25 Antero Sup. Color 46";PROVISORIOS;5,000.00;;0.00;0.00;0.00;0.00;1;;;SÍ;NO;;;;;;SÍ;;;;
320-35;"Dientes Marche 23 Ant. Superior 47";PROVISORIOS;5,000.00;;0.00;0.00;0.00;0.00;2;;;SÍ;NO;;;;;;SÍ;;;;
320-29;"Dientes Marche 23 Ant. Superior 46";PROVISORIOS;5,000.00;;0.00;0.00;0.00;0.00;2;;;SÍ;NO;;;;;;SÍ;;;;
320-76;"Dientes Marche 23 Ant. Superior 42";PROVISORIOS;5,000.00;;0.00;0.00;0.00;0.00;2;;;SÍ;NO;;;;;;SÍ;;;;
320-36;"Dientes Marche 20 Ant. Superior 47";PROVISORIOS;5,000.00;;0.00;0.00;0.00;0.00;2;;;SÍ;NO;;;;;;SÍ;;;;
320-30;"Dientes Marche 20 Ant. Superior 46";PROVISORIOS;5,000.00;;0.00;0.00;0.00;0.00;1;;;SÍ;NO;;;;;;SÍ;;;;
320-25;"Dientes Marche 20 Ant. Superior 45";PROVISORIOS;5,000.00;;0.00;0.00;0.00;0.00;1;;;SÍ;NO;;;;;;SÍ;;;;
320-A;"Dientes Marche 20 Ant. Superior 42";PROVISORIOS;5,000.00;;0.00;0.00;0.00;0.00;1;;;SÍ;NO;;;;;;SÍ;;;;
320-20;"Dientes Marche 20 Ant. Superior 41";PROVISORIOS;5,000.00;;0.00;0.00;0.00;0.00;3;;;SÍ;NO;;;;;;SÍ;;;;
320-88;"Dientes Marche 12 Ant. Superior 41";PROVISORIOS;5,000.00;;0.00;0.00;0.00;0.00;1;;;SÍ;NO;;;;;;SÍ;;;;
320-37;"Dientes Marche 10 Ant. Superior 47";PROVISORIOS;5,000.00;;0.00;0.00;0.00;0.00;1;;;SÍ;NO;;;;;;SÍ;;;;
320-26;"Dientes Marche 10 Ant. Superior 45";PROVISORIOS;5,000.00;;0.00;0.00;0.00;0.00;1;;;SÍ;NO;;;;;;SÍ;;;;
321-4;"Dientes Acrilico Vivid L501 A3";PROVISORIOS;2,990.00;;0.00;0.00;0.00;0.00;1;;;SÍ;NO;;;;;;SÍ;;;;
321-3;"Dientes Acrilico Vivid L501 A2";PROVISORIOS;2,990.00;;0.00;0.00;0.00;0.00;1;;;SÍ;NO;;;;;;SÍ;;;;
321-9;"Dientes Acrilico Vivid 37U A2";PROVISORIOS;2,990.00;;0.00;0.00;0.00;0.00;1;;;SÍ;NO;;;;;;SÍ;;;;
321-6;"Dientes Acrilico Vivid 36L A3";PROVISORIOS;2,990.00;;0.00;0.00;0.00;0.00;1;;;SÍ;NO;;;;;;SÍ;;;;
321-7;"Dientes Acrilico Vivid 36L A2";PROVISORIOS;2,990.00;;0.00;0.00;0.00;0.00;1;;;SÍ;NO;;;;;;SÍ;;;;
321-1;"Dientes Acrilico Vivid L503 A2";PROVISORIOS;2,990.00;;0.00;0.00;0.00;0.00;1;;;SÍ;NO;;;;;;SÍ;;;;
447-2;"Acrilico Termocurable Rosado Tipo 1 Y 2 Marche 250 Gr";PROVISORIOS;8,000.00;;0.00;0.00;0.00;0.00;2;;;SÍ;NO;;;;;;SÍ;;;;
138-2;"Vaso Dappen De Silicona Chico";PLASTICO;1,000.00;;0.00;0.00;0.00;0.00;2;;;SÍ;NO;;;;;;SÍ;;;;
267;"Separador Labial Abreboca Doble (S-M-L)";PLASTICO;3,000.00;;0.00;0.00;0.00;0.00;6;;;SÍ;NO;;;;;;SÍ;;;;
4893;"Lente Protector Transparente";PLASTICO;1,990.00;;0.00;0.00;0.00;0.00;1;;;SÍ;NO;;;;;;SÍ;;;;
318-5;"Lamina De Acetato Transparente.Rigida 2.0 Por Unidad (Plano De Relajaciňn) Skydent";PLASTICO;2,500.00;;0.00;0.00;0.00;0.00;10;;;SÍ;NO;;;;;;SÍ;;;;
318-6;"Lamina De Acetato Transparente.Rigida 2.0 Paquete 10u Skydent";PLASTICO;15,000.00;;0.00;0.00;0.00;0.00;2;;;SÍ;NO;;;;;;SÍ;;;;
318-4;"Lamina De Acetato Transparente.Rigida 1.0 Por Unidad (Plano De Relajaciňn) Skydent";PLASTICO;2,000.00;;0.00;0.00;0.00;0.00;14;;;SÍ;NO;;;;;;SÍ;;;;
318-61;"Lamina De Acetato 2.0 Rigida X Unidad";PLASTICO;2,000.00;;0.00;0.00;0.00;0.00;6;;;SÍ;NO;;;;;;SÍ;;;;
333;"Lamina De Acetato 1mm Blanda";PLASTICO;2,000.00;;0.00;0.00;0.00;0.00;8;;;SÍ;NO;;;;;;SÍ;;;;
318-91;"Lamina De Acetato 1.5 Rigida X Unidad Skydent";PLASTICO;1,500.00;;0.00;0.00;0.00;0.00;14;;;SÍ;NO;;;;;;SÍ;;;;
19;"Espatula Para Alguinato";PLASTICO;1,890.00;;0.00;0.00;0.00;0.00;1;;;SÍ;NO;;;;;;SÍ;;;;
789;"Celuloide Tira Poliester Lysanda";PLASTICO;1,500.00;;0.00;0.00;0.00;0.00;5;;;SÍ;NO;;;;;;SÍ;;;;
442;"Cajas Porta Modelo Delgadas Dentbys. Denture Box (Colores Surtidos)";PLASTICO;1,990.00;;0.00;0.00;0.00;0.00;1;;;SÍ;NO;;;;;;SÍ;;;;
314;"Cajas Porta Modelo Delgadas Cotisen (Colores Surtidos)";PLASTICO;1,000.00;;0.00;0.00;0.00;0.00;10;;;SÍ;NO;;;;;;SÍ;;;;
7;"Cajas Porta Modelo Alta Cotisen (Colores Surtidos)";PLASTICO;1,000.00;;0.00;0.00;0.00;0.00;12;;;SÍ;NO;;;;;;SÍ;;;;
23;"Taza De Goma Cotisen";OTROS;1,990.00;;0.00;0.00;0.00;0.00;2;;;SÍ;NO;;;;;;SÍ;;;;
7805232761124;"Solvente Para Quemar";OTROS;3,500.00;;0.00;0.00;0.00;0.00;4;;;SÍ;NO;;;;;;SÍ;;;;
709-1;"Rx Periapical";OTROS;3,000.00;;0.00;0.00;0.00;0.00;100;;;SÍ;NO;;;;;;SÍ;;;;
709;"Rx Panorŕmica";OTROS;12,000.00;;0.00;0.00;0.00;0.00;99;;;SÍ;NO;;;;;;SÍ;;;;
219;"Porta Dientes De Leche Ratoncitos";OTROS;250.00;;0.00;0.00;0.00;0.00;22;;;SÍ;NO;;;;;;SÍ;;;;
405;"Placas Radiograficas X8 Unidades";OTROS;4,990.00;;0.00;0.00;0.00;0.00;12;;;SÍ;NO;;;;;;SÍ;;;;
405-3;"Placas Radiograficas X3 Unidades";OTROS;2,500.00;;0.00;0.00;0.00;0.00;1;;;SÍ;NO;;;;;;SÍ;;;;
405-1;"Placas Radiograficas Adulto X8 Unidades";OTROS;5,990.00;;0.00;0.00;0.00;0.00;6;;;SÍ;NO;;;;;;SÍ;;;;
405-2;"Placas Radiograficas Adulto X4 Unidades";OTROS;2,600.00;;0.00;0.00;0.00;0.00;1;;;SÍ;NO;;;;;;SÍ;;;;
7898288140661;"Piedra Pomes Marca Lysanda";OTROS;5,000.00;;0.00;0.00;0.00;0.00;2;;;SÍ;NO;;;;;;SÍ;;;;
599;"METAL ORO JAPONES";OTROS;2,000.00;;0.00;0.00;0.00;0.00;5;;;SÍ;NO;;;;;;SÍ;;;;
1369;"Mecha Para Mechero";OTROS;1,000.00;;0.00;0.00;0.00;0.00;3;;;SÍ;NO;;;;;;SÍ;;;;
418;"Mango Porta Pincel Plastico Con Puntas Aplicadoras De Adhesivo";OTROS;3,500.00;;0.00;0.00;0.00;0.00;2;;;SÍ;NO;;;;;;SÍ;;;;
472-1;"Malla Palatina";OTROS;2,000.00;;0.00;0.00;0.00;0.00;2;;;SÍ;NO;;;;;;SÍ;;;;
80001826;"Lubricante Para Instrumentos Rotatorios Marca Kerr";OTROS;9,000.00;;0.00;0.00;0.00;0.00;1;;;SÍ;NO;;;;;;SÍ;;;;
302;"Lubricante En Spray Machtig 500ml";OTROS;10,000.00;;0.00;0.00;0.00;0.00;2;;;SÍ;NO;;;;;;SÍ;;;;
1212;"Loseta De Vidrio";OTROS;1,000.00;;0.00;0.00;0.00;0.00;5;;;SÍ;NO;;;;;;SÍ;;;;
314-9;"Caja 12 Unidades Portamodelo Delgada Cotisen";OTROS;8,000.00;;0.00;0.00;0.00;0.00;3;;;SÍ;NO;;;;;;SÍ;;;;
7-1;"Caja 12 unidades Porta Modelo Alta Cotisen";OTROS;8,000.00;;0.00;0.00;0.00;0.00;1;;;SÍ;NO;;;;;;SÍ;;;;
255;"Tubos Bucales 1er Molar Roth";ORTODONCIA;3,500.00;;0.00;0.00;0.00;0.00;13;;;SÍ;NO;;;;;;SÍ;;;;
257;"Separadores Azules";ORTODONCIA;1,290.00;;0.00;0.00;0.00;0.00;10;;;SÍ;NO;;;;;;SÍ;;;;
888;"Retenedor Lingual Universal 1,2 Mm";ORTODONCIA;2,500.00;;0.00;0.00;0.00;0.00;1;;;SÍ;NO;;;;;;SÍ;;;;
304;"Ligas Maxilares Elastics (1/8) 5.0oz";ORTODONCIA;1,500.00;;0.00;0.00;0.00;0.00;50;;;SÍ;NO;;;;;;SÍ;;;;
256-3;"Ligaduras De Color Roja";ORTODONCIA;5,000.00;;0.00;0.00;0.00;0.00;3;;;SÍ;NO;;;;;;SÍ;;;;
256-4;"Ligaduras De Color Negra";ORTODONCIA;5,000.00;;0.00;0.00;0.00;0.00;2;;;SÍ;NO;;;;;;SÍ;;;;
256-1;"Ligaduras De Color Gris";ORTODONCIA;5,000.00;;0.00;0.00;0.00;0.00;2;;;SÍ;NO;;;;;;SÍ;;;;
256-2;"Ligaduras De Color Azul";ORTODONCIA;5,000.00;;0.00;0.00;0.00;0.00;3;;;SÍ;NO;;;;;;SÍ;;;;
256;"Ligaduras Colores Surtidos";ORTODONCIA;5,000.00;;0.00;0.00;0.00;0.00;2;;;SÍ;NO;;;;;;SÍ;;;;
372;"Elasticos Extraorales 1/2 (Ballena Gris) 14 OZ AO";ORTODONCIA;3,490.00;;0.00;0.00;0.00;0.00;4;;;SÍ;NO;;;;;;SÍ;;;;
184-1;"Cera De Alivio De Ortodoncia Marca Lysanda";ORTODONCIA;1,000.00;;0.00;0.00;0.00;0.00;29;;;SÍ;NO;;;;;;SÍ;;;;
7898714323576;"Cemento Smart Ortho Resina Braquets Smart Dent";ORTODONCIA;19,000.00;;0.00;0.00;0.00;0.00;3;;;SÍ;NO;;;;;;SÍ;;;;
7908783201658;"Cemento Ortholys";ORTODONCIA;12,000.00;;0.00;0.00;0.00;0.00;1;;;SÍ;NO;;;;;;SÍ;;;;
7899633826568;"Cemento Orthocem Fgm";ORTODONCIA;25,000.00;;0.00;0.00;0.00;0.00;1;;;SÍ;NO;;;;;;SÍ;;;;
208;"Casos Bracket Roth";ORTODONCIA;20,990.00;;0.00;0.00;0.00;0.00;3;;;SÍ;NO;;;;;;SÍ;;;;
184-2;"Caja Cera De Alivio De Ortodoncia Marca Lysanda";ORTODONCIA;6,000.00;;0.00;0.00;0.00;0.00;2;;;SÍ;NO;;;;;;SÍ;;;;
285;"Cadenas De Colores Ortodoncia";ORTODONCIA;4,500.00;;0.00;0.00;0.00;0.00;4;;;SÍ;NO;;;;;;SÍ;;;;
254-1;"Bracket Roth Individuales Casos Marca UDG";ORTODONCIA;7,000.00;;0.00;0.00;0.00;0.00;1;;;SÍ;NO;;;;;;SÍ;;;;
254-2;"Bracket Roth Individuales Casos Marca Geousis";ORTODONCIA;7,000.00;;0.00;0.00;0.00;0.00;14;;;SÍ;NO;;;;;;SÍ;;;;
262-4;"Arcos Redondos NI-TI (020)";ORTODONCIA;3,790.00;;0.00;0.00;0.00;0.00;6;;;SÍ;NO;;;;;;SÍ;;;;
262-3;"Arcos Redondos NI-TI (018)";ORTODONCIA;3,500.00;;0.00;0.00;0.00;0.00;1;;;SÍ;NO;;;;;;SÍ;;;;
262-9;"Arcos Redondos De Acero 020";ORTODONCIA;3,790.00;;0.00;0.00;0.00;0.00;10;;;SÍ;NO;;;;;;SÍ;;;;
262-8;"Arcos Redondos De Acero 018";ORTODONCIA;3,790.00;;0.00;0.00;0.00;0.00;14;;;SÍ;NO;;;;;;SÍ;;;;
262-7;"Arcos Redondos De Acero 016";ORTODONCIA;3,790.00;;0.00;0.00;0.00;0.00;10;;;SÍ;NO;;;;;;SÍ;;;;
262-6;"Arcos Redondos De Acero 014";ORTODONCIA;3,790.00;;0.00;0.00;0.00;0.00;10;;;SÍ;NO;;;;;;SÍ;;;;
262-5;"Arcos Redondos De Acero 012";ORTODONCIA;3,790.00;;0.00;0.00;0.00;0.00;18;;;SÍ;NO;;;;;;SÍ;;;;
263-2;"Arcos Rectangular NI-TI (019x25)";ORTODONCIA;4,690.00;;0.00;0.00;0.00;0.00;1;;;SÍ;NO;;;;;;SÍ;;;;
263-1;"Arcos Rectangular NI-TI (018x25)";ORTODONCIA;4,690.00;;0.00;0.00;0.00;0.00;14;;;SÍ;NO;;;;;;SÍ;;;;
263;"Arcos Rectangular NI-TI (017x25)";ORTODONCIA;4,690.00;;0.00;0.00;0.00;0.00;9;;;SÍ;NO;;;;;;SÍ;;;;
373;"Arcos Rectangular NI-TI (016x22)";ORTODONCIA;4,690.00;;0.00;0.00;0.00;0.00;23;;;SÍ;NO;;;;;;SÍ;;;;
263-3;"Arcos Rectangular NI-TI (016x16)";ORTODONCIA;3,800.00;;0.00;0.00;0.00;0.00;18;;;SÍ;NO;;;;;;SÍ;;;;
263-6;"Arcos Rectangular De Acero (019x25)";ORTODONCIA;3,990.00;;0.00;0.00;0.00;0.00;12;;;SÍ;NO;;;;;;SÍ;;;;
263-5;"Arcos Rectangular De Acero (018x25)";ORTODONCIA;3,990.00;;0.00;0.00;0.00;0.00;18;;;SÍ;NO;;;;;;SÍ;;;;
263-4;"Arcos Rectangular De Acero (017x25)";ORTODONCIA;3,990.00;;0.00;0.00;0.00;0.00;14;;;SÍ;NO;;;;;;SÍ;;;;
262-22;"Arcos Rectangular De Acero (016x016)";ORTODONCIA;3,990.00;;0.00;0.00;0.00;0.00;8;;;SÍ;NO;;;;;;SÍ;;;;
7632222165262;"Arcos NI-TI Trueform SUP (21x25)";ORTODONCIA;3,790.00;;0.00;0.00;0.00;0.00;3;;;SÍ;NO;;;;;;SÍ;;;;
7632222165163;"Arcos NI-TI Trueform INF (21x25)";ORTODONCIA;3,790.00;;0.00;0.00;0.00;0.00;3;;;SÍ;NO;;;;;;SÍ;;;;
1472;"Yodoformo Hertz 10Gr";MEDICACIÓN;7,890.00;;0.00;0.00;0.00;0.00;1;;;SÍ;NO;;;;;;SÍ;;;;
148-8;"Resina Flow I-Flow A2";MEDICACIÓN;11,000.00;;0.00;0.00;0.00;0.00;1;;;SÍ;NO;;;;;;SÍ;;;;
1176;"Paramonocronofenol Endobact 10 ml";MEDICACIÓN;11,990.00;;0.00;0.00;0.00;0.00;2;;;SÍ;NO;;;;;;SÍ;;;;
7800004001699;"Oralgene Colutorio 0,12% Clorhexidina 3,8L";MEDICACIÓN;14,000.00;;0.00;0.00;0.00;0.00;2;;;SÍ;NO;;;;;;SÍ;;;;
7800004340446;"Oralgene Colutorio 0,12% Clorhexidina 120ml";MEDICACIÓN;5,500.00;;0.00;0.00;0.00;0.00;3;;;SÍ;NO;;;;;;SÍ;;;;
290;"I-Edta Solucion 17% 50ml";MEDICACIÓN;5,590.00;;0.00;0.00;0.00;0.00;1;;;SÍ;NO;;;;;;SÍ;;;;
382;"I-Cal - Hidroxido de Calcio en pasta, Jeringa 2g + 5 puntas";MEDICACIÓN;6,850.00;;0.00;0.00;0.00;0.00;1;;;SÍ;NO;;;;;;SÍ;;;;
1110;"Hidrňxido De Calcio Hertz 20gr";MEDICACIÓN;6,000.00;;0.00;0.00;0.00;0.00;1;;;SÍ;NO;;;;;;SÍ;;;;
999-1;"Hidroxido De Calcio Fotocurado Marca Prime";MEDICACIÓN;6,500.00;;0.00;0.00;0.00;0.00;1;;;SÍ;NO;;;;;;SÍ;;;;
999;"hemostático líquido Retra Liquid Prime Dental 30 ml";MEDICACIÓN;5,500.00;;0.00;0.00;0.00;0.00;1;;;SÍ;NO;;;;;;SÍ;;;;
529;"Formocresol Pulpodent 10ml";MEDICACIÓN;9,570.00;;0.00;0.00;0.00;0.00;1;;;SÍ;NO;;;;;;SÍ;;;;
130-1;"Fluor PROFLUOPRID VOCO";MEDICACIÓN;2,200.00;;0.00;0.00;0.00;0.00;5;;;SÍ;NO;;;;;;SÍ;;;;
130-5;"Fluor 3M Clinpro";MEDICACIÓN;2,000.00;;0.00;0.00;0.00;0.00;12;;;SÍ;NO;;;;;;SÍ;;;;
127;Fermin;MEDICACIÓN;11,000.00;;0.00;0.00;0.00;0.00;1;;;SÍ;NO;;;;;;SÍ;;;;
7898288140647;"EUCALIPTOL MARCA LYSANDA 10ML";MEDICACIÓN;4,000.00;;0.00;0.00;0.00;0.00;1;;;SÍ;NO;;;;;;SÍ;;;;
513;"Edta Solucion 10% Alfa";MEDICACIÓN;3,890.00;;0.00;0.00;0.00;0.00;1;;;SÍ;NO;;;;;;SÍ;;;;
7898288142054;"E.D.T.A Trissodico Marca Lysanda";MEDICACIÓN;4,000.00;;0.00;0.00;0.00;0.00;2;;;SÍ;NO;;;;;;SÍ;;;;
220;"Dycal Dentsply Sirona";MEDICACIÓN;15,990.00;;0.00;0.00;0.00;0.00;1;;;SÍ;NO;;;;;;SÍ;;;;
178-1;"Desensibilizante Ultrandent UltraEz";MEDICACIÓN;5,000.00;;0.00;0.00;0.00;0.00;2;;;SÍ;NO;;;;;;SÍ;;;;
353;"Cemento Grossman 25gr Hertz";MEDICACIÓN;5,990.00;;0.00;0.00;0.00;0.00;2;;;SÍ;NO;;;;;;SÍ;;;;
7806130012875;"Alcohol Desnaturalizado 70ş Reutter";MEDICACIÓN;4,500.00;;0.00;0.00;0.00;0.00;5;;;SÍ;NO;;;;;;SÍ;;;;
400;"Vidrio Ionomero Chemfil Superior LY-DY";IONOMEROS;25,000.00;;0.00;0.00;0.00;0.00;3;;;SÍ;NO;;;;;;SÍ;;;;
128;"Ionomero Compomer Liner I-LINER";IONOMEROS;14,000.00;;0.00;0.00;0.00;0.00;2;;;SÍ;NO;;;;;;SÍ;;;;
436;"Block de Mezcla P/Comp O Vid Ionom Alfa";IONOMEROS;1,990.00;;0.00;0.00;0.00;0.00;1;;;SÍ;NO;;;;;;SÍ;;;;
367;"Removedor De Oxido Gc Remox Machtig";"INSUMOS PARA LIMPIEZA";19,500.00;;0.00;0.00;0.00;0.00;1;;;SÍ;NO;;;;;;SÍ;;;;
7898288142146;"Pasta De Profilaxis Profilis Morango";"INSUMOS PARA LIMPIEZA";5,000.00;;0.00;0.00;0.00;0.00;1;;;SÍ;NO;;;;;;SÍ;;;;
7804632082204;"Detergente Enzimatico Winkler 1litro";"INSUMOS PARA LIMPIEZA";7,500.00;;0.00;0.00;0.00;0.00;4;;;SÍ;NO;;;;;;SÍ;;;;
7805514001313;"Agua Destilada 5 Litros";"INSUMOS PARA LIMPIEZA";5,000.00;;0.00;0.00;0.00;0.00;2;;;SÍ;NO;;;;;;SÍ;;;;
593-1;"Tableta Reveladora De Placa Curaprox";"INSUMOS PACIENTE";5,890.00;;0.00;0.00;0.00;0.00;1;;;SÍ;NO;;;;;;SÍ;;;;
459;"Separador Labial Abreboca 3D Machtig (L) (S)";"INSUMOS PACIENTE";4,000.00;;0.00;0.00;0.00;0.00;3;;;SÍ;NO;;;;;;SÍ;;;;
219-2;"Reloj De Arena Forma Muela";"INSUMOS PACIENTE";1,500.00;;0.00;0.00;0.00;0.00;1;;;SÍ;NO;;;;;;SÍ;;;;
15;"Porta Pechera Autoclavable Siliconada Cotisen";"INSUMOS PACIENTE";2,790.00;;0.00;0.00;0.00;0.00;4;;;SÍ;NO;;;;;;SÍ;;;;
219-1;"PORTA DIENTES MUELITA";"INSUMOS PACIENTE";800.00;;0.00;0.00;0.00;0.00;4;;;SÍ;NO;;;;;;SÍ;;;;
589;"Pasta Dental. Elmex 30g";"INSUMOS PACIENTE";500.00;;0.00;0.00;0.00;0.00;6;;;SÍ;NO;;;;;;SÍ;;;;
7800004241453;"Pasta Dental Caristop 2500 100 GR.";"INSUMOS PACIENTE";7,590.00;;0.00;0.00;0.00;0.00;1;;;SÍ;NO;;;;;;SÍ;;;;
135-12;"Papel Articular Marca Skydent Por Unidad";"INSUMOS PACIENTE";500.00;;0.00;0.00;0.00;0.00;11;;;SÍ;NO;;;;;;SÍ;;;;
7800005064020;"Hilo Dental Oral-B Expert Super Floss 50 Unidades";"INSUMOS PACIENTE";5,990.00;;0.00;0.00;0.00;0.00;9;;;SÍ;NO;;;;;;SÍ;;;;
6937379468688;"Hilo Dental Fresh";"INSUMOS PACIENTE";3,000.00;;0.00;0.00;0.00;0.00;8;;;SÍ;NO;;;;;;SÍ;;;;
226;"Hilo Dental Floss Life Time 50mts";"INSUMOS PACIENTE";3,490.00;;0.00;0.00;0.00;0.00;2;;;SÍ;NO;;;;;;SÍ;;;;
7794640171703;"Crema Adhesiva Para Protesis. Corega Ultra. 40g";"INSUMOS PACIENTE";11,000.00;;0.00;0.00;0.00;0.00;2;;;SÍ;NO;;;;;;SÍ;;;;
7794640171734;"Crema Adhesiva Para Protesis. Corega Ultra. 20g";"INSUMOS PACIENTE";8,000.00;;0.00;0.00;0.00;0.00;1;;;SÍ;NO;;;;;;SÍ;;;;
184;"Cera Ortodontica Maquira";"INSUMOS PACIENTE";1,000.00;;0.00;0.00;0.00;0.00;1;;;SÍ;NO;;;;;;SÍ;;;;
7805163000187;"Cepillo Dental Super7 PHB CON Pasta Dentrifica Total Care";"INSUMOS PACIENTE";5,590.00;;0.00;0.00;0.00;0.00;4;;;SÍ;NO;;;;;;SÍ;;;;
7805163000231;"Cepillo Dental Junior Vitis";"INSUMOS PACIENTE";4,000.00;;0.00;0.00;0.00;0.00;9;;;SÍ;NO;;;;;;SÍ;;;;
314-1;"Cajas Porta Modelo Delgadas Maquira (Colores Surtidos)";"INSUMOS PACIENTE";2,500.00;;0.00;0.00;0.00;0.00;4;;;SÍ;NO;;;;;;SÍ;;;;
396218;"Apoya Mordida MAQUIRA Rosado x2";"INSUMOS PACIENTE";3,500.00;;0.00;0.00;0.00;0.00;2;;;SÍ;NO;;;;;;SÍ;;;;
259;"Sonda Periodontal Machtig R1";INSTRUMENTAL;10,990.00;;0.00;0.00;0.00;0.00;1;;;SÍ;NO;;;;;;SÍ;;;;
LAB3293;"Set Pinceles Siliconados Ehros (3mm Gris - 5mm Negro)";INSTRUMENTAL;19,900.00;;0.00;0.00;0.00;0.00;1;;;SÍ;NO;;;;;;SÍ;;;;
189-1;"Puntas De Ultrasonido Woodpecker";INSTRUMENTAL;10,000.00;;0.00;0.00;0.00;0.00;2;;;SÍ;NO;;;;;;SÍ;;;;
249;"Porta Disco";INSTRUMENTAL;3,500.00;;0.00;0.00;0.00;0.00;4;;;SÍ;NO;;;;;;SÍ;;;;
1276;"Porta Clamps Recto";INSTRUMENTAL;10,990.00;;0.00;0.00;0.00;0.00;1;;;SÍ;NO;;;;;;SÍ;;;;
M-130-172;"Porta Banda Matriz";INSTRUMENTAL;4,300.00;;0.00;0.00;0.00;0.00;1;;;SÍ;NO;;;;;;SÍ;;;;
7872561541512;"Marcador De Instrumentos. Maquira. 60Unid";INSTRUMENTAL;6,790.00;;0.00;0.00;0.00;0.00;2;;;SÍ;NO;;;;;;SÍ;;;;
426-3;"Manguera De Aspiracion";INSTRUMENTAL;3,000.00;;0.00;0.00;0.00;0.00;2;;;SÍ;NO;;;;;;SÍ;;;;
1361;"Mango P/Bisturi Nş 3";INSTRUMENTAL;1,990.00;;0.00;0.00;0.00;0.00;4;;;SÍ;NO;;;;;;SÍ;;;;
302-1;"Lubricante Para Instrumentos Rotatorios Marca I-Oil 500 Ml";INSTRUMENTAL;13,000.00;;0.00;0.00;0.00;0.00;1;;;SÍ;NO;;;;;;SÍ;;;;
1508;"Limpia Fresas Bronce";INSTRUMENTAL;3,000.00;;0.00;0.00;0.00;0.00;4;;;SÍ;NO;;;;;;SÍ;;;;
403;"Jeringa Carpule Sin Hemosuctor";INSTRUMENTAL;8,990.00;;0.00;0.00;0.00;0.00;2;;;SÍ;NO;;;;;;SÍ;;;;
341-1;"Gancho Para RX Plastico";INSTRUMENTAL;1,790.00;;0.00;0.00;0.00;0.00;1;;;SÍ;NO;;;;;;SÍ;;;;
7898561541345;"Fresario Metalico 15 Orificios, Mixto. Maquira";INSTRUMENTAL;5,990.00;;0.00;0.00;0.00;0.00;1;;;SÍ;NO;;;;;;SÍ;;;;
228-1;"Extractor Tira Nervio Rojo (21mm)";INSTRUMENTAL;6,490.00;;0.00;0.00;0.00;0.00;1;;;SÍ;NO;;;;;;SÍ;;;;
264;"Espejo Intraoral Por Unidad Machtig N#5 24mm";INSTRUMENTAL;800.00;;0.00;0.00;0.00;0.00;6;;;SÍ;NO;;;;;;SÍ;;;;
258;"Espejo Facial Muelita";INSTRUMENTAL;7,000.00;;0.00;0.00;0.00;0.00;6;;;SÍ;NO;;;;;;SÍ;;;;
332;"Espatula Para Yeso Mango Madera";INSTRUMENTAL;3,990.00;;0.00;0.00;0.00;0.00;1;;;SÍ;NO;;;;;;SÍ;;;;
437;"Espatula P/Cemento Doble Extremo";INSTRUMENTAL;1,500.00;;0.00;0.00;0.00;0.00;1;;;SÍ;NO;;;;;;SÍ;;;;
427;"Espatula Lecron";INSTRUMENTAL;1,500.00;;0.00;0.00;0.00;0.00;3;;;SÍ;NO;;;;;;SÍ;;;;
440;"Espatula Godiva-Gritman 31";INSTRUMENTAL;3,690.00;;0.00;0.00;0.00;0.00;1;;;SÍ;NO;;;;;;SÍ;;;;
136-1;"Escobilla Copa Junior Surtidas Por Unidad";INSTRUMENTAL;400.00;;0.00;0.00;0.00;0.00;79;;;SÍ;NO;;;;;;SÍ;;;;
402;"Elevadores Rectos (Fino, Mediano, Grueso)";INSTRUMENTAL;5,490.00;;0.00;0.00;0.00;0.00;3;;;SÍ;NO;;;;;;SÍ;;;;
348-1;"Curetas Gracey Color`s Machtig (Molar Nş9-10)";INSTRUMENTAL;13,890.00;;0.00;0.00;0.00;0.00;1;;;SÍ;NO;;;;;;SÍ;;;;
376;"Cuchareta para Caries Machtig (XS)";INSTRUMENTAL;3,490.00;;0.00;0.00;0.00;0.00;1;;;SÍ;NO;;;;;;SÍ;;;;
377;"Cuchareta para Caries Machtig (M)";INSTRUMENTAL;3,490.00;;0.00;0.00;0.00;0.00;2;;;SÍ;NO;;;;;;SÍ;;;;
378;"Cuchareta para Caries Machtig (L)";INSTRUMENTAL;3,490.00;;0.00;0.00;0.00;0.00;2;;;SÍ;NO;;;;;;SÍ;;;;
C1;"CLAMPS Marca Hu Fridedy";INSTRUMENTAL;15,000.00;;0.00;0.00;0.00;0.00;3;;;SÍ;NO;;;;;;SÍ;;;;
181;"Caja De Espejos Intraoral Plano N#5 Machtig 12u";INSTRUMENTAL;7,000.00;;0.00;0.00;0.00;0.00;2;;;SÍ;NO;;;;;;SÍ;;;;
22-A;"Algodonero Metalico(Grande)";INSTRUMENTAL;5,000.00;;0.00;0.00;0.00;0.00;1;;;SÍ;NO;;;;;;SÍ;;;;
465-2;"Alambre Por Metro 0.8";INSTRUMENTAL;2,400.00;;0.00;0.00;0.00;0.00;2;;;SÍ;NO;;;;;;SÍ;;;;
465-1;"Alambre Por Metro 0.7";INSTRUMENTAL;1,800.00;;0.00;0.00;0.00;0.00;2;;;SÍ;NO;;;;;;SÍ;;;;
465;"Alambre Por Metro 0,9";INSTRUMENTAL;2,400.00;;0.00;0.00;0.00;0.00;2;;;SÍ;NO;;;;;;SÍ;;;;
133;"Silicona Speedex Light Body 140ML Coltene";IMPRESION;20,000.00;;0.00;0.00;0.00;0.00;2;;;SÍ;NO;;;;;;SÍ;;;;
134;"Silicona Speedex Activador Universal 60 ML Coltene";IMPRESION;19,000.00;;0.00;0.00;0.00;0.00;2;;;SÍ;NO;;;;;;SÍ;;;;
201;"Silicona Pesada Speedex Putty Coltene";IMPRESION;27,000.00;;0.00;0.00;0.00;0.00;1;;;SÍ;NO;;;;;;SÍ;;;;
133-1;"Silicona Medium Speedex Coltene 140ml";IMPRESION;20,000.00;;0.00;0.00;0.00;0.00;1;;;SÍ;NO;;;;;;SÍ;;;;
8016200021334;"Silicona Kit Silaxil Box.";IMPRESION;42,000.00;;0.00;0.00;0.00;0.00;1;;;SÍ;NO;;;;;;SÍ;;;;
18;"Silicona Adicion Liviana Light LV Charmflex Dentkist";IMPRESION;19,000.00;;0.00;0.00;0.00;0.00;2;;;SÍ;NO;;;;;;SÍ;;;;
17;"Silicona Adicion CharmFlex Putty Soft";IMPRESION;31,500.00;;0.00;0.00;0.00;0.00;1;;;SÍ;NO;;;;;;SÍ;;;;
2747;"Set De Cubetas Plasticas Zt Dental 6pcs (S,M,L)";IMPRESION;3,500.00;;0.00;0.00;0.00;0.00;4;;;SÍ;NO;;;;;;SÍ;;;;
2746;"Set De Cubetas Plasticas Machtig. Sup-Inf.";IMPRESION;3,500.00;;0.00;0.00;0.00;0.00;3;;;SÍ;NO;;;;;;SÍ;;;;
366;"Set De Cubetas De Acero Pediatricas X8unid. Machtig S-P Perforada (S,M,L,XL)";IMPRESION;19,900.00;;0.00;0.00;0.00;0.00;1;;;SÍ;NO;;;;;;SÍ;;;;
21;"Set De Cubetas De Acero Adulto No Perforada";IMPRESION;16,900.00;;0.00;0.00;0.00;0.00;2;;;SÍ;NO;;;;;;SÍ;;;;
443;"Rodete De Cera Rosado";IMPRESION;300.00;;0.00;0.00;0.00;0.00;7;;;SÍ;NO;;;;;;SÍ;;;;
189;"Puntas Para Irrigar";IMPRESION;2,000.00;;0.00;0.00;0.00;0.00;1;;;SÍ;NO;;;;;;SÍ;;;;
186;"Puntas Para Cemento Resinoso Bisco";IMPRESION;2,000.00;;0.00;0.00;0.00;0.00;1;;;SÍ;NO;;;;;;SÍ;;;;
421;"Puntas Mezcladoras 10 Unidades";IMPRESION;2,000.00;;0.00;0.00;0.00;0.00;1;;;SÍ;NO;;;;;;SÍ;;;;
260;"Puntas Mezcladoras 50 Unidades";IMPRESION;10,790.00;;0.00;0.00;0.00;0.00;5;;;SÍ;NO;;;;;;SÍ;;;;
270;"Puntas Intraoral Para Silicona";IMPRESION;5,990.00;;0.00;0.00;0.00;0.00;3;;;SÍ;NO;;;;;;SÍ;;;;
399;"Pasta Zinquenolica Cavex Outline 205Gr";IMPRESION;26,000.00;;0.00;0.00;0.00;0.00;1;;;SÍ;NO;;;;;;SÍ;;;;
449;"Muestrario Colores Marche";IMPRESION;4,900.00;;0.00;0.00;0.00;0.00;1;;;SÍ;NO;;;;;;SÍ;;;;
318-1;"Lamina De Acetato Transparente.Rigida 3.0 Por Unidad (Plano De Relajaciňn) Rigida Ehros";IMPRESION;3,500.00;;0.00;0.00;0.00;0.00;6;;;SÍ;NO;;;;;;SÍ;;;;
318-2;"Lamina De Acetato Transparente.Rigida 2.0 Por Unidad (Plano De Relajaciňn) Rigida Ehros";IMPRESION;2,800.00;;0.00;0.00;0.00;0.00;1;;;SÍ;NO;;;;;;SÍ;;;;
317-2;"Lamina De Acetato Transparente.Blanda 3.0 Por Unidad (Cubetas De Blanqueamiento) Blanda Ehros";IMPRESION;3,500.00;;0.00;0.00;0.00;0.00;7;;;SÍ;NO;;;;;;SÍ;;;;
317-1;"Lamina De Acetato Transparente.Blanda 2.0 Por Unidad (Cubetas De Blanqueamiento) Blanda Ehros";IMPRESION;2,800.00;;0.00;0.00;0.00;0.00;10;;;SÍ;NO;;;;;;SÍ;;;;
329;"Lamina De Acetato Cubeta 1,5mm Blanda";IMPRESION;2,000.00;;0.00;0.00;0.00;0.00;4;;;SÍ;NO;;;;;;SÍ;;;;
409;"Laca Vilac Superior Unidad";IMPRESION;950.00;;0.00;0.00;0.00;0.00;3;;;SÍ;NO;;;;;;SÍ;;;;
409-1;"Laca Vilac Inferior Unidad";IMPRESION;950.00;;0.00;0.00;0.00;0.00;7;;;SÍ;NO;;;;;;SÍ;;;;
509;"Jeringas Para Impresion 12ml";IMPRESION;1,300.00;;0.00;0.00;0.00;0.00;5;;;SÍ;NO;;;;;;SÍ;;;;
486-1;"Cera Lamina Dentsply Individual";IMPRESION;700.00;;0.00;0.00;0.00;0.00;10;;;SÍ;NO;;;;;;SÍ;;;;
512;"Cera Base Para Modelar Rosada Machtig";IMPRESION;5,000.00;;0.00;0.00;0.00;0.00;2;;;SÍ;NO;;;;;;SÍ;;;;
16-1;"Alginato Prime Chrome";IMPRESION;6,500.00;;0.00;0.00;0.00;0.00;8;;;SÍ;NO;;;;;;SÍ;;;;
8016200010321;"Alginato Kromopan";IMPRESION;7,500.00;;0.00;0.00;0.00;0.00;2;;;SÍ;NO;;;;;;SÍ;;;;
16-2;"Alginato Kroma Faze Kerr";IMPRESION;8,500.00;;0.00;0.00;0.00;0.00;2;;;SÍ;NO;;;;;;SÍ;;;;
7893628052178;"Alginato Jeltrate Dustless Dentsply 410gr.";IMPRESION;7,000.00;;0.00;0.00;0.00;0.00;1;;;SÍ;NO;;;;;;SÍ;;;;
7897808336638;"Alginato Chroma Print Vigodent 454g.";IMPRESION;7,500.00;;0.00;0.00;0.00;0.00;1;;;SÍ;NO;;;;;;SÍ;;;;
7898288140074;"Aislante Para Acrilico Lyso-Lante 1litro";IMPRESION;5,000.00;;0.00;0.00;0.00;0.00;1;;;SÍ;NO;;;;;;SÍ;;;;
445;"Aislante Para Acrilico Acryfoil 1000cc";IMPRESION;8,000.00;;0.00;0.00;0.00;0.00;2;;;SÍ;NO;;;;;;SÍ;;;;
395-1;"Acrilico Transparente Termocurable 125grs.";IMPRESION;4,100.00;;0.00;0.00;0.00;0.00;2;;;SÍ;NO;;;;;;SÍ;;;;
369;"Acrilico Rapido P/Cor Marche 20gr Color 47";IMPRESION;3,890.00;;0.00;0.00;0.00;0.00;1;;;SÍ;NO;;;;;;SÍ;;;;
368;"Acrilico Rapido P/Cor Marche 20gr Color 46";IMPRESION;3,500.00;;0.00;0.00;0.00;0.00;2;;;SÍ;NO;;;;;;SÍ;;;;
362;"Acrilico Rapido Monomero Marche Liq. 75cc";IMPRESION;4,500.00;;0.00;0.00;0.00;0.00;2;;;SÍ;NO;;;;;;SÍ;;;;
361;"Acrilico Rapido Monomero Marche Liq. 210cc";IMPRESION;9,500.00;;0.00;0.00;0.00;0.00;2;;;SÍ;NO;;;;;;SÍ;;;;
363;"Acrilico Rapido Marche 250gr Rosado";IMPRESION;10,890.00;;0.00;0.00;0.00;0.00;2;;;SÍ;NO;;;;;;SÍ;;;;
447;"Acrilico Monomero Termocurable Marche Liq. 210cc";IMPRESION;7,000.00;;0.00;0.00;0.00;0.00;2;;;SÍ;NO;;;;;;SÍ;;;;
395;"Acrilico Auto Marche Transparente 250Gr";IMPRESION;12,000.00;;0.00;0.00;0.00;0.00;1;;;SÍ;NO;;;;;;SÍ;;;;
396;"Acrilico Auto Marche Cubetas 250Gr";IMPRESION;10,000.00;;0.00;0.00;0.00;0.00;1;;;SÍ;NO;;;;;;SÍ;;;;
1185;"Pechera Paciente Con Gancho Adulto";HIGIENE;4,000.00;;0.00;0.00;0.00;0.00;1;;;SÍ;NO;;;;;;SÍ;;;;
158-2;"Pasta Profilŕctica Mayon C/Fluor 15%";HIGIENE;8,000.00;;0.00;0.00;0.00;0.00;2;;;SÍ;NO;;;;;;SÍ;;;;
158-3;"Pasta Profilŕctica Mayon 15%";HIGIENE;8,000.00;;0.00;0.00;0.00;0.00;1;;;SÍ;NO;;;;;;SÍ;;;;
389;"Cepillo Vitis Ultra Suave+pasta";HIGIENE;4,000.00;;0.00;0.00;0.00;0.00;5;;;SÍ;NO;;;;;;SÍ;;;;
7612412396003;"Cepillo CuraProx 3960 Super Soft";HIGIENE;5,500.00;;0.00;0.00;0.00;0.00;5;;;SÍ;NO;;;;;;SÍ;;;;
408;"Pimpollo Siliconado P/M Bala VERDE Imp";FRESAS;2,000.00;;0.00;0.00;0.00;0.00;1;;;SÍ;NO;;;;;;SÍ;;;;
386;"Pimpollo Siliconado P/M Bala NEGRA Imp";FRESAS;2,000.00;;0.00;0.00;0.00;0.00;1;;;SÍ;NO;;;;;;SÍ;;;;
387;"Pimpollo Siliconado P/M Bala Amarillo Imp";FRESAS;2,000.00;;0.00;0.00;0.00;0.00;1;;;SÍ;NO;;;;;;SÍ;;;;
322;"Lentulo 25mm (Rojo, Verde, Azul) Dentsply Sirona";FRESAS;18,600.00;;0.00;0.00;0.00;0.00;3;;;SÍ;NO;;;;;;SÍ;;;;
310;"Fresa Zekrya Alta Vel. Dorada Kerr";FRESAS;4,500.00;;0.00;0.00;0.00;0.00;5;;;SÍ;NO;;;;;;SÍ;;;;
307;"Fresa Piedra Arkansas";FRESAS;1,690.00;;0.00;0.00;0.00;0.00;9;;;SÍ;NO;;;;;;SÍ;;;;
7898229826395;"Fresa Peeso.32mm #4. Microdont";FRESAS;3,800.00;;0.00;0.00;0.00;0.00;1;;;SÍ;NO;;;;;;SÍ;;;;
7908516804767;"Fresa Peeso.32mm #1. Microdont";FRESAS;3,800.00;;0.00;0.00;0.00;0.00;1;;;SÍ;NO;;;;;;SÍ;;;;
7908516804781;"Fresa Peeso 32mm #3. Microdont";FRESAS;3,800.00;;0.00;0.00;0.00;0.00;2;;;SÍ;NO;;;;;;SÍ;;;;
123-5;"Fresa Peeso 32 Mm #2 MARCA DENCO UNIDAD";FRESAS;1,500.00;;0.00;0.00;0.00;0.00;6;;;SÍ;NO;;;;;;SÍ;;;;
7908516804729;"Fresa Gates Microdont 32mm Nş 3";FRESAS;4,290.00;;0.00;0.00;0.00;0.00;1;;;SÍ;NO;;;;;;SÍ;;;;
7898229826388;"Fresa Gates Microdont 32mm Nş 2";FRESAS;4,290.00;;0.00;0.00;0.00;0.00;2;;;SÍ;NO;;;;;;SÍ;;;;
7908516804705;"Fresa Gates Microdont 32mm Nş 1";FRESAS;4,290.00;;0.00;0.00;0.00;0.00;1;;;SÍ;NO;;;;;;SÍ;;;;
404;"Fresa Gates Dentsply 32mm Nş 2";FRESAS;3,790.00;;0.00;0.00;0.00;0.00;2;;;SÍ;NO;;;;;;SÍ;;;;
401;"Fresa Gates Dentsply 32mm Nş 1 x6";FRESAS;21,990.00;;0.00;0.00;0.00;0.00;1;;;SÍ;NO;;;;;;SÍ;;;;
7898229801460;"Fresa Diamante Micro A/V Torp.Lga.016- 3218 Microdont";FRESAS;2,000.00;;0.00;0.00;0.00;0.00;4;;;SÍ;NO;;;;;;SÍ;;;;
7898229801415;"Fresa Diamante Micro A/V Torp.Lga.012- 3216 Microdont";FRESAS;2,890.00;;0.00;0.00;0.00;0.00;4;;;SÍ;NO;;;;;;SÍ;;;;
7908516830742;"Fresa Diamante A/V Tronc.Lga 014. 4135 Microdont";FRESAS;1,900.00;;0.00;0.00;0.00;0.00;4;;;SÍ;NO;;;;;;SÍ;;;;
7898229801309;"Fresa Diamante A/V Torp.Lga. 012- 3122FF Microdont";FRESAS;1,890.00;;0.00;0.00;0.00;0.00;2;;;SÍ;NO;;;;;;SÍ;;;;
7908516830070;"Fresa Diamante A/V Torp.Lga. 010- 3215FF Microdont";FRESAS;1,890.00;;0.00;0.00;0.00;0.00;2;;;SÍ;NO;;;;;;SÍ;;;;
7898229800883;"Fresa Diamante A/V Torp.Lga 018-4072FF Microdont";FRESAS;2,300.00;;0.00;0.00;0.00;0.00;5;;;SÍ;NO;;;;;;SÍ;;;;
7908516828497;"Fresa Diamante A/V Red Tallo Lgo 018- 3016HL Microdont";FRESAS;2,300.00;;0.00;0.00;0.00;0.00;4;;;SÍ;NO;;;;;;SÍ;;;;
7908516826165;"Fresa Diamante A/V Red Tallo Lgo 016- 1019HL Microdont";FRESAS;2,890.00;;0.00;0.00;0.00;0.00;4;;;SÍ;NO;;;;;;SÍ;;;;
7908516825946;"Fresa Diamante A/V Red Tallo Lgo 014- 1014HL Microdont";FRESAS;1,890.00;;0.00;0.00;0.00;0.00;8;;;SÍ;NO;;;;;;SÍ;;;;
7908516826110;"Fresa Diamante A/V Red 023. 1018 Microdont";FRESAS;2,000.00;;0.00;0.00;0.00;0.00;6;;;SÍ;NO;;;;;;SÍ;;;;
7908516826080;"Fresa Diamante A/V Red 021. 1017 Microdont";FRESAS;2,000.00;;0.00;0.00;0.00;0.00;10;;;SÍ;NO;;;;;;SÍ;;;;
7908516825892;"Fresa Diamante A/V Red 014. 1014 Microdont";FRESAS;1,600.00;;0.00;0.00;0.00;0.00;4;;;SÍ;NO;;;;;;SÍ;;;;
7908516825847;"Fresa Diamante A/V Red 012. 1013 Microdont";FRESAS;1,990.00;;0.00;0.00;0.00;0.00;5;;;SÍ;NO;;;;;;SÍ;;;;
7898229802139;"Fresa Diamante A/V Llama 023F. 3118 Microdont";FRESAS;1,900.00;;0.00;0.00;0.00;0.00;5;;;SÍ;NO;;;;;;SÍ;;;;
7898229802115;"Fresa Diamante A/V Llama 023. 3118 Microdont";FRESAS;1,890.00;;0.00;0.00;0.00;0.00;4;;;SÍ;NO;;;;;;SÍ;;;;
7898229800418;"Fresa Diamante A/V Cono Inv. 018- 1036 Microdont";FRESAS;2,890.00;;0.00;0.00;0.00;0.00;16;;;SÍ;NO;;;;;;SÍ;;;;
7898229800395;"Fresa Diamante A/V Cono Inv. 016- 1035 Microdont";FRESAS;1,890.00;;0.00;0.00;0.00;0.00;10;;;SÍ;NO;;;;;;SÍ;;;;
7908516826370;"Fresa Diamante A/V Cono Inv. 014- 1034 Microdont";FRESAS;1,890.00;;0.00;0.00;0.00;0.00;10;;;SÍ;NO;;;;;;SÍ;;;;
7898229800357;"Fresa Diamante A/V Cono Inv. 012- 1033 Microdont";FRESAS;1,890.00;;0.00;0.00;0.00;0.00;7;;;SÍ;NO;;;;;;SÍ;;;;
7908516831060;"Fresa Diamante A/V Aguja 010. 4200F Microdont";FRESAS;1,600.00;;0.00;0.00;0.00;0.00;9;;;SÍ;NO;;;;;;SÍ;;;;
308;"Fresa Cono Invertido";FRESAS;1,890.00;;0.00;0.00;0.00;0.00;1;;;SÍ;NO;;;;;;SÍ;;;;
7898229804638;"Fresa Carbide Micro A/V Red 014 FG04";FRESAS;2,890.00;;0.00;0.00;0.00;0.00;7;;;SÍ;NO;;;;;;SÍ;;;;
7908516885452;"Fresa Carbide Micro A/V Red 014 FG04";FRESAS;2,890.00;;0.00;0.00;0.00;0.00;4;;;SÍ;NO;;;;;;SÍ;;;;
7898229804416;"Fresa Carbide Micro A/V Endo-Z";FRESAS;6,990.00;;0.00;0.00;0.00;0.00;4;;;SÍ;NO;;;;;;SÍ;;;;
247-2;"Fresa Carbide Kerr P/M Red. 023 HP8 Jet219";FRESAS;2,400.00;;0.00;0.00;0.00;0.00;2;;;SÍ;NO;;;;;;SÍ;;;;
247-1;"Fresa Carbide Kerr P/M Red. 021 HP7 Jet218";FRESAS;2,400.00;;0.00;0.00;0.00;0.00;2;;;SÍ;NO;;;;;;SÍ;;;;
247;"Fresa Carbide Kerr P/M Red. 018 HP6";FRESAS;2,800.00;;0.00;0.00;0.00;0.00;1;;;SÍ;NO;;;;;;SÍ;;;;
247-3;"Fresa Carbide Kerr P/M Red. 018 HP6";FRESAS;2,990.00;;0.00;0.00;0.00;0.00;5;;;SÍ;NO;;;;;;SÍ;;;;
112;"Fresa Carbide Kerr A/V Red 014 FG4 Jet006";FRESAS;2,190.00;;0.00;0.00;0.00;0.00;9;;;SÍ;NO;;;;;;SÍ;;;;
110;"Fresa Carbide Jet C/A 0,12 (LA3) Redonda";FRESAS;2,300.00;;0.00;0.00;0.00;0.00;5;;;SÍ;NO;;;;;;SÍ;;;;
113;"Fresa Carbide C/A Red 023 (Jet168) LA8 Microdont";FRESAS;2,290.00;;0.00;0.00;0.00;0.00;10;;;SÍ;NO;;;;;;SÍ;;;;
115-1;"Fresa Carbide C/A Red 021 (Jet167.1) LA7 Kerr";FRESAS;2,290.00;;0.00;0.00;0.00;0.00;5;;;SÍ;NO;;;;;;SÍ;;;;
115;"Fresa Carbide C/A Red 018 (Jet167) LA6 Kerr";FRESAS;2,300.00;;0.00;0.00;0.00;0.00;6;;;SÍ;NO;;;;;;SÍ;;;;
114;"Fresa Carbide C/A Red 014 (Jet165) LA4 Kerr";FRESAS;2,300.00;;0.00;0.00;0.00;0.00;5;;;SÍ;NO;;;;;;SÍ;;;;
510;"Fresa Carbide A/V Red Cirugia 054 FG";FRESAS;4,300.00;;0.00;0.00;0.00;0.00;4;;;SÍ;NO;;;;;;SÍ;;;;
7898229805055;"Fresa Carbide A/V Red Cirugia 014 FG Microdont";FRESAS;2,790.00;;0.00;0.00;0.00;0.00;1;;;SÍ;NO;;;;;;SÍ;;;;
13-4;"Sobre Para Esterilizar 200 U , De 90 Por260mm";ESTERILIZACION;12,000.00;;0.00;0.00;0.00;0.00;1;;;SÍ;NO;;;;;;SÍ;;;;
13-2;"Manga Para Esterilizar 75mmx200m";ESTERILIZACION;15,000.00;;0.00;0.00;0.00;0.00;1;;;SÍ;NO;;;;;;SÍ;;;;
13;"Manga Para Esterilizar 75mmx100m Machtig";ESTERILIZACION;9,500.00;;0.00;0.00;0.00;0.00;1;;;SÍ;NO;;;;;;SÍ;;;;
14;"Manga Para Esterilizar 55mmx100m Machtig";ESTERILIZACION;7,000.00;;0.00;0.00;0.00;0.00;1;;;SÍ;NO;;;;;;SÍ;;;;
448-2;"Manga Para Esterilizar 25x200mtrs";ESTERILIZACION;37,900.00;;0.00;0.00;0.00;0.00;1;;;SÍ;NO;;;;;;SÍ;;;;
448;"Manga Para Esterilizar 250mmx100m Machtig";ESTERILIZACION;30,000.00;;0.00;0.00;0.00;0.00;1;;;SÍ;NO;;;;;;SÍ;;;;
339;"Manga Para Esterilizar 200mmx100m Machtig";ESTERILIZACION;19,500.00;;0.00;0.00;0.00;0.00;2;;;SÍ;NO;;;;;;SÍ;;;;
12;"Manga Para Esterilizar 150mmx100m Machtig";ESTERILIZACION;14,500.00;;0.00;0.00;0.00;0.00;2;;;SÍ;NO;;;;;;SÍ;;;;
12-1;"Manga Para Esterilizar 100mmx100m Machtig";ESTERILIZACION;16,900.00;;0.00;0.00;0.00;0.00;1;;;SÍ;NO;;;;;;SÍ;;;;
12-6;"Manga Para Esterelizar 100 X 200";ESTERILIZACION;18,000.00;;0.00;0.00;0.00;0.00;2;;;SÍ;NO;;;;;;SÍ;;;;
500;"Detergente Enzimatico Ultra Enzim Four (1ltrs.)";ESTERILIZACION;8,000.00;;0.00;0.00;0.00;0.00;2;;;SÍ;NO;;;;;;SÍ;;;;
276-1;"Cinta Testigo Para Pupinel 19mm X 50mt";ESTERILIZACION;4,500.00;;0.00;0.00;0.00;0.00;1;;;SÍ;NO;;;;;;SÍ;;;;
276;"Cinta Testigo Para Autoclave 19mm X 50mt";ESTERILIZACION;5,000.00;;0.00;0.00;0.00;0.00;1;;;SÍ;NO;;;;;;SÍ;;;;
SIL2995;"Jeringa Triple con 1 punta Machtig";"EQUIPOS DENTALES";24,900.00;;0.00;0.00;0.00;0.00;1;;;SÍ;NO;;;;;;SÍ;;;;
274;"Dispensador De Torulas Cotisen (azul-Blanco)";"EQUIPOS DENTALES";6,290.00;;0.00;0.00;0.00;0.00;2;;;SÍ;NO;;;;;;SÍ;;;;
345;"Dispensador De Adhesivo C/Tapa Dentsply Sirona";"EQUIPOS DENTALES";2,190.00;;0.00;0.00;0.00;0.00;3;;;SÍ;NO;;;;;;SÍ;;;;
138;"Vaso Dappen De Vidrio";ENDODONCIA;1,000.00;;0.00;0.00;0.00;0.00;4;;;SÍ;NO;;;;;;SÍ;;;;
7898561541529;"Tope De Silicona Maquira";ENDODONCIA;3,890.00;;0.00;0.00;0.00;0.00;2;;;SÍ;NO;;;;;;SÍ;;;;
7898938244015;"Test de Vitalidad Pulpar Endo Ice Spray 200mL Maquira";ENDODONCIA;14,590.00;;0.00;0.00;0.00;0.00;1;;;SÍ;NO;;;;;;SÍ;;;;
306;"Regla Endodoncia Nylon Cotisen";ENDODONCIA;3,290.00;;0.00;0.00;0.00;0.00;3;;;SÍ;NO;;;;;;SÍ;;;;
371;"Regla Endodoncia Con Anillo ZT Dental";ENDODONCIA;7,990.00;;0.00;0.00;0.00;0.00;1;;;SÍ;NO;;;;;;SÍ;;;;
232;"Limas K Denco 1era Serie 31mm";ENDODONCIA;4,500.00;;0.00;0.00;0.00;0.00;2;;;SÍ;NO;;;;;;SÍ;;;;
406;"Lima Mecanizada x3 Dentsply 25mm";ENDODONCIA;25,000.00;;0.00;0.00;0.00;0.00;1;;;SÍ;NO;;;;;;SÍ;;;;
407;"Lima Mecanizada Dentsply 25mm";ENDODONCIA;13,000.00;;0.00;0.00;0.00;0.00;2;;;SÍ;NO;;;;;;SÍ;;;;
327-2;"Lima Mail K-Access 31mm #45/80 Dentsply Sirona";ENDODONCIA;8,290.00;;0.00;0.00;0.00;0.00;6;;;SÍ;NO;;;;;;SÍ;;;;
327-4;"Lima Mail K-Access 31mm #10 Dentsply Sirona";ENDODONCIA;9,290.00;;0.00;0.00;0.00;0.00;1;;;SÍ;NO;;;;;;SÍ;;;;
230-2;"Lima Mail K-Access 25mm #45/80 Dentsply Sirona";ENDODONCIA;8,290.00;;0.00;0.00;0.00;0.00;4;;;SÍ;NO;;;;;;SÍ;;;;
230-8;"Lima Mail K-Access 25mm #15/40 Dentsply Sirona";ENDODONCIA;8,700.00;;0.00;0.00;0.00;0.00;2;;;SÍ;NO;;;;;;SÍ;;;;
327-1;"Lima Mail K-Access 25mm #10 Dentsply Sirona";ENDODONCIA;9,290.00;;0.00;0.00;0.00;0.00;3;;;SÍ;NO;;;;;;SÍ;;;;
335-1;"Lima Mail K-Access 21mm #45/80 Dentsply Sirona";ENDODONCIA;8,290.00;;0.00;0.00;0.00;0.00;3;;;SÍ;NO;;;;;;SÍ;;;;
335;"Lima Mail K-Access 21mm #15/40 Dentsply Sirona";ENDODONCIA;8,290.00;;0.00;0.00;0.00;0.00;6;;;SÍ;NO;;;;;;SÍ;;;;
230-1;"Lima Mail H-Access 31mm #45/80 Dentsply Sirona";ENDODONCIA;8,290.00;;0.00;0.00;0.00;0.00;4;;;SÍ;NO;;;;;;SÍ;;;;
230;"Lima Mail H-Access 31mm #15/40 Dentsply Sirona";ENDODONCIA;8,290.00;;0.00;0.00;0.00;0.00;5;;;SÍ;NO;;;;;;SÍ;;;;
230-4;"Lima Mail H-Access 25mm #45/80 Dentsply Sirona";ENDODONCIA;8,290.00;;0.00;0.00;0.00;0.00;3;;;SÍ;NO;;;;;;SÍ;;;;
230-3;"Lima Mail H-Access 25mm #15/40 Dentsply Sirona";ENDODONCIA;9,890.00;;0.00;0.00;0.00;0.00;7;;;SÍ;NO;;;;;;SÍ;;;;
336-1;"Lima Mail H-Access 21mm #45/80 Dentsply Sirona";ENDODONCIA;8,290.00;;0.00;0.00;0.00;0.00;3;;;SÍ;NO;;;;;;SÍ;;;;
336;"Lima Mail H-Access 21mm #15/40 Dentsply Sirona";ENDODONCIA;8,290.00;;0.00;0.00;0.00;0.00;3;;;SÍ;NO;;;;;;SÍ;;;;
231-4;"Lima K-FILES 31mm #45/80 MANI";ENDODONCIA;5,500.00;;0.00;0.00;0.00;0.00;1;;;SÍ;NO;;;;;;SÍ;;;;
231;"Lima K-FILES 31mm #15/40 MANI";ENDODONCIA;5,500.00;;0.00;0.00;0.00;0.00;4;;;SÍ;NO;;;;;;SÍ;;;;
501-11;"Lima K-FILES 31mm #10. Mani";ENDODONCIA;5,500.00;;0.00;0.00;0.00;0.00;2;;;SÍ;NO;;;;;;SÍ;;;;
501-18;"Lima K-FILES 25mm #15. Mani";ENDODONCIA;5,500.00;;0.00;0.00;0.00;0.00;1;;;SÍ;NO;;;;;;SÍ;;;;
501-8;"Lima K-FILES 25mm #10 ROGIN";ENDODONCIA;6,290.00;;0.00;0.00;0.00;0.00;2;;;SÍ;NO;;;;;;SÍ;;;;
501-9;"Lima K-FILES 25mm #08. Mani";ENDODONCIA;5,500.00;;0.00;0.00;0.00;0.00;3;;;SÍ;NO;;;;;;SÍ;;;;
231-3;"Lima FLEXILE - FILES 25mm #15/40 MANI";ENDODONCIA;6,990.00;;0.00;0.00;0.00;0.00;2;;;SÍ;NO;;;;;;SÍ;;;;
116;"Hipoclorito De Sodio Hertz 1Litro 5%";ENDODONCIA;4,000.00;;0.00;0.00;0.00;0.00;8;;;SÍ;NO;;;;;;SÍ;;;;
1102-1;"Gutapercha Barra Rite Dent";ENDODONCIA;600.00;;0.00;0.00;0.00;0.00;20;;;SÍ;NO;;;;;;SÍ;;;;
155;"Goma Dique 5 X 5 Size 52 Sheets Green. RubberCare";ENDODONCIA;12,000.00;;0.00;0.00;0.00;0.00;2;;;SÍ;NO;;;;;;SÍ;;;;
G1;"Godiva Caja Marca Lysanda 15 Unidades";ENDODONCIA;1,000.00;;0.00;0.00;0.00;0.00;9;;;SÍ;NO;;;;;;SÍ;;;;
7898288140036;"Godiva Caja Marca Lysanda 15 Unidades";ENDODONCIA;12,000.00;;0.00;0.00;0.00;0.00;2;;;SÍ;NO;;;;;;SÍ;;;;
229;"Extractor Tira Nervio Surtidos (21mm)";ENDODONCIA;6,490.00;;0.00;0.00;0.00;0.00;2;;;SÍ;NO;;;;;;SÍ;;;;
228;"Extractor Tira Nervio Amarillo (21mm)";ENDODONCIA;6,490.00;;0.00;0.00;0.00;0.00;2;;;SÍ;NO;;;;;;SÍ;;;;
7898561541437;"Esponjero Clean Stand. Aluminio. Maquira";ENDODONCIA;7,990.00;;0.00;0.00;0.00;0.00;1;;;SÍ;NO;;;;;;SÍ;;;;
164-33;"Conos De Gutapercha Tape 0.4 Nş30";ENDODONCIA;4,500.00;;0.00;0.00;0.00;0.00;1;;;SÍ;NO;;;;;;SÍ;;;;
164-2;"Conos De Gutapercha Tape 0.4 Nş 25";ENDODONCIA;4,500.00;;0.00;0.00;0.00;0.00;1;;;SÍ;NO;;;;;;SÍ;;;;
164-41;"Conos De Gutapercha GP Tape 0.4 Primera Serie";ENDODONCIA;4,500.00;;0.00;0.00;0.00;0.00;1;;;SÍ;NO;;;;;;SÍ;;;;
159-2;"Conos De Gutapercha 1era Serie Denco";ENDODONCIA;4,000.00;;0.00;0.00;0.00;0.00;2;;;SÍ;NO;;;;;;SÍ;;;;
163-2;"Conos De Gutapercha #40 Denco";ENDODONCIA;4,000.00;;0.00;0.00;0.00;0.00;1;;;SÍ;NO;;;;;;SÍ;;;;
162-1;"Conos De Gutapercha #30 Denco";ENDODONCIA;4,000.00;;0.00;0.00;0.00;0.00;1;;;SÍ;NO;;;;;;SÍ;;;;
161-5;"Conos De Gutapercha #25 Denco";ENDODONCIA;4,000.00;;0.00;0.00;0.00;0.00;2;;;SÍ;NO;;;;;;SÍ;;;;
132;"Cono De Papel Points #45/80 GAPADENT";ENDODONCIA;3,300.00;;0.00;0.00;0.00;0.00;5;;;SÍ;NO;;;;;;SÍ;;;;
411-3;"Cono De Papel Points #40 Marca Denco";ENDODONCIA;3,000.00;;0.00;0.00;0.00;0.00;2;;;SÍ;NO;;;;;;SÍ;;;;
411-4;"Cono De Papel Points #35 Marca Denco";ENDODONCIA;3,000.00;;0.00;0.00;0.00;0.00;1;;;SÍ;NO;;;;;;SÍ;;;;
431;"Cono De Papel Points #35";ENDODONCIA;3,500.00;;0.00;0.00;0.00;0.00;1;;;SÍ;NO;;;;;;SÍ;;;;
411-2;"Cono De Papel Points #30 Sani .02";ENDODONCIA;3,500.00;;0.00;0.00;0.00;0.00;2;;;SÍ;NO;;;;;;SÍ;;;;
429;"Cono De Papel Points #25";ENDODONCIA;3,900.00;;0.00;0.00;0.00;0.00;2;;;SÍ;NO;;;;;;SÍ;;;;
420;"Cono De Papel Points #20 Diadent";ENDODONCIA;4,600.00;;0.00;0.00;0.00;0.00;1;;;SÍ;NO;;;;;;SÍ;;;;
420-1;"Cono De Papel Points #20";ENDODONCIA;3,500.00;;0.00;0.00;0.00;0.00;2;;;SÍ;NO;;;;;;SÍ;;;;
131;"Cono De Papel Niwo #15/40";ENDODONCIA;3,000.00;;0.00;0.00;0.00;0.00;2;;;SÍ;NO;;;;;;SÍ;;;;
159-1;"Cono De Gutta Percha Points #45/80 GAPADENT";ENDODONCIA;4,690.00;;0.00;0.00;0.00;0.00;2;;;SÍ;NO;;;;;;SÍ;;;;
163-1;"Cono De Gutta Percha Points #40 GAPADENT";ENDODONCIA;4,690.00;;0.00;0.00;0.00;0.00;1;;;SÍ;NO;;;;;;SÍ;;;;
163;"Cono De Gutta Percha Points #35 GAPADENT";ENDODONCIA;3,990.00;;0.00;0.00;0.00;0.00;2;;;SÍ;NO;;;;;;SÍ;;;;
162;"Cono De Gutta Percha Points #30 GAPADENT";ENDODONCIA;3,990.00;;0.00;0.00;0.00;0.00;1;;;SÍ;NO;;;;;;SÍ;;;;
160;"Cono De Gutta Percha Points #20 GAPADENT";ENDODONCIA;4,690.00;;0.00;0.00;0.00;0.00;2;;;SÍ;NO;;;;;;SÍ;;;;
160-1;"Cono De Gutta Percha Points #15 GAPADENT";ENDODONCIA;3,690.00;;0.00;0.00;0.00;0.00;3;;;SÍ;NO;;;;;;SÍ;;;;
164-1;"Cono De Gutapercha Marca denco #04 Numero 20 Amarillo";ENDODONCIA;5,500.00;;0.00;0.00;0.00;0.00;1;;;SÍ;NO;;;;;;SÍ;;;;
164;"Cono De Gutapercha Marca denco #04 Numero 15 Blanco";ENDODONCIA;5,500.00;;0.00;0.00;0.00;0.00;1;;;SÍ;NO;;;;;;SÍ;;;;
164-4;"Cono De Gutapercha #4 , 1er Serie Marca Endoart";ENDODONCIA;6,000.00;;0.00;0.00;0.00;0.00;1;;;SÍ;NO;;;;;;SÍ;;;;
8;"Canulas De Hemosuccion Celeste 1/16 Dentbys";ENDODONCIA;3,000.00;;0.00;0.00;0.00;0.00;3;;;SÍ;NO;;;;;;SÍ;;;;
419;"Arco Young Doblable para Aislamiento Autoclavable";ENDODONCIA;4,990.00;;0.00;0.00;0.00;0.00;1;;;SÍ;NO;;;;;;SÍ;;;;
243;"Arco De Young Metalico";ENDODONCIA;1,800.00;;0.00;0.00;0.00;0.00;2;;;SÍ;NO;;;;;;SÍ;;;;
936;"VASOS PLASTICOS";DESECHABLES;1,000.00;;0.00;0.00;0.00;0.00;11;;;SÍ;NO;;;;;;SÍ;;;;
25-2;"Sutura Vicryl Skydent 5/0 Triangular 3/8";DESECHABLES;2,000.00;;0.00;0.00;0.00;0.00;5;;;SÍ;NO;;;;;;SÍ;;;;
25-3;"Sutura Vicryl Skydent 5/0 Circular 1/2";DESECHABLES;2,000.00;;0.00;0.00;0.00;0.00;12;;;SÍ;NO;;;;;;SÍ;;;;
188;"Puntas Triples Desechables Machtig";DESECHABLES;15,900.00;;0.00;0.00;0.00;0.00;1;;;SÍ;NO;;;;;;SÍ;;;;
970;"PROMOCION 3 MASCARILLAS";DESECHABLES;5,000.00;;0.00;0.00;0.00;0.00;1;;;SÍ;NO;;;;;;SÍ;;;;
111;"Promo Guantes 3 X 10 Marca Avianz Talla M";DESECHABLES;10,000.00;;0.00;0.00;0.00;0.00;2;;;SÍ;NO;;;;;;SÍ;;;;
426-7;"Promo De 3 Eyectores De Saliva Marca Skydent";DESECHABLES;10,000.00;;0.00;0.00;0.00;0.00;1;;;SÍ;NO;;;;;;SÍ;;;;
413-1;"Pecheras Top Color`s Pro-Guard II Machtig Verde";DESECHABLES;6,000.00;;0.00;0.00;0.00;0.00;2;;;SÍ;NO;;;;;;SÍ;;;;
216;"Pecheras Monoart Colores (Azul Laguna, Burdeos, Verde, Celeste, Rosado)";DESECHABLES;3,500.00;;0.00;0.00;0.00;0.00;3;;;SÍ;NO;;;;;;SÍ;;;;
413;"Pecheras Celeste 125u Marca Skydent";DESECHABLES;5,000.00;;0.00;0.00;0.00;0.00;9;;;SÍ;NO;;;;;;SÍ;;;;
20-3;"Mascarilla Merry Christmas X Unidad";DESECHABLES;500.00;;0.00;0.00;0.00;0.00;54;;;SÍ;NO;;;;;;SÍ;;;;
7805649000496;"Mascarilla Facial 3 Capas Madegom Celeste";DESECHABLES;2,500.00;;0.00;0.00;0.00;0.00;24;;;SÍ;NO;;;;;;SÍ;;;;
7805649000502;"Mascarilla Facial 3 Capas Madegom Blanca";DESECHABLES;2,500.00;;0.00;0.00;0.00;0.00;1;;;SÍ;NO;;;;;;SÍ;;;;
12-7;"Manga Para Esterilizar 150mmx200m.";DESECHABLES;25,000.00;;0.00;0.00;0.00;0.00;1;;;SÍ;NO;;;;;;SÍ;;;;
13-5;"Manga Para Esterelizar 50 X 200";DESECHABLES;11,000.00;;0.00;0.00;0.00;0.00;1;;;SÍ;NO;;;;;;SÍ;;;;
11-1;"Kit Tercer Molar M&M";DESECHABLES;4,590.00;;0.00;0.00;0.00;0.00;4;;;SÍ;NO;;;;;;SÍ;;;;
36-2;"Kit Quirurgico Esteril Implantes Marca Skydent";DESECHABLES;10,000.00;;0.00;0.00;0.00;0.00;5;;;SÍ;NO;;;;;;SÍ;;;;
432;"Jeringas con agujas para Irrigacion Plasdent";DESECHABLES;1,000.00;;0.00;0.00;0.00;0.00;63;;;SÍ;NO;;;;;;SÍ;;;;
121;"Jeringa Monoject Para Irrigacion";DESECHABLES;1,490.00;;0.00;0.00;0.00;0.00;10;;;SÍ;NO;;;;;;SÍ;;;;
223;"Jeringa Desechable 10ml";DESECHABLES;200.00;;0.00;0.00;0.00;0.00;94;;;SÍ;NO;;;;;;SÍ;;;;
185;"Jeringa 20ml";DESECHABLES;200.00;;0.00;0.00;0.00;0.00;49;;;SÍ;NO;;;;;;SÍ;;;;
4260740981915;"Guantes Talla S Marca CLEANCARRIER";DESECHABLES;4,500.00;;0.00;0.00;0.00;0.00;7;;;SÍ;NO;;;;;;SÍ;;;;
7805649002919;"Guantes Nitrilo Color Celeste Talla XS Marca Health Touch";DESECHABLES;4,500.00;;0.00;0.00;0.00;0.00;3;;;SÍ;NO;;;;;;SÍ;;;;
7805649001431;"Guantes Nitrilo Color Celeste Talla S Marca Health Touch";DESECHABLES;4,500.00;;0.00;0.00;0.00;0.00;11;;;SÍ;NO;;;;;;SÍ;;;;
9555002111427;"Guantes Nitrilo Color Azul Talla M Marca MAXTER";DESECHABLES;4,500.00;;0.00;0.00;0.00;0.00;5;;;SÍ;NO;;;;;;SÍ;;;;
723860321176;"Guantes Nitrilo Celestes Avianz Talla M";DESECHABLES;4,500.00;;0.00;0.00;0.00;0.00;4;;;SÍ;NO;;;;;;SÍ;;;;
7805649001455;"Guantes Nitrilo Celeste Talla L Marca Health Touch";DESECHABLES;4,500.00;;0.00;0.00;0.00;0.00;1;;;SÍ;NO;;;;;;SÍ;;;;
379-3;"Guantes Latex Talla S Machtig";DESECHABLES;5,000.00;;0.00;0.00;0.00;0.00;2;;;SÍ;NO;;;;;;SÍ;;;;
379-2;"Guantes Latex Talla M Machtig";DESECHABLES;5,000.00;;0.00;0.00;0.00;0.00;2;;;SÍ;NO;;;;;;SÍ;;;;
7805649000700;"Guantes Latex Talla L Marca Health Touch Sin Polvo";DESECHABLES;5,500.00;;0.00;0.00;0.00;0.00;1;;;SÍ;NO;;;;;;SÍ;;;;
7805649000731;"Guantes Latex Talla L Marca Health Touch Con Polvo";DESECHABLES;5,000.00;;0.00;0.00;0.00;0.00;1;;;SÍ;NO;;;;;;SÍ;;;;
7806130013346;"Guantes Latex Esteriles 7.5";DESECHABLES;1,200.00;;0.00;0.00;0.00;0.00;48;;;SÍ;NO;;;;;;SÍ;;;;
723860423870;"Guantes De Nitrilo Celeste Talla M BLOSSOM";DESECHABLES;4,500.00;;0.00;0.00;0.00;0.00;1;;;SÍ;NO;;;;;;SÍ;;;;
344;"Guantes De Latex Esteriles Tips Of Life Supermax Size 7.5";DESECHABLES;1,200.00;;0.00;0.00;0.00;0.00;1;;;SÍ;NO;;;;;;SÍ;;;;
337;"Guantes De Latex Esteriles Tips Of Life Supermax Size 7";DESECHABLES;1,200.00;;0.00;0.00;0.00;0.00;1;;;SÍ;NO;;;;;;SÍ;;;;
7806130013421;"Guantes De Latex Esteriles Marca Cranberry 6,5";DESECHABLES;1,200.00;;0.00;0.00;0.00;0.00;50;;;SÍ;NO;;;;;;SÍ;;;;
7806130013339;"Guantes De Latex Esteriles Cramberry Talla 7";DESECHABLES;1,200.00;;0.00;0.00;0.00;0.00;50;;;SÍ;NO;;;;;;SÍ;;;;
155-2;"Goma Dique Marca Denco 5 Por 5";DESECHABLES;9,000.00;;0.00;0.00;0.00;0.00;2;;;SÍ;NO;;;;;;SÍ;;;;
120-1;"Gasa Paquete 2X2 Marca Merrycare 200Pieces";DESECHABLES;1,500.00;;0.00;0.00;0.00;0.00;8;;;SÍ;NO;;;;;;SÍ;;;;
426-6;"Eyectores De Saliva Transparente. Machtig";DESECHABLES;4,000.00;;0.00;0.00;0.00;0.00;6;;;SÍ;NO;;;;;;SÍ;;;;
6;"Eyectores De Saliva Transparente Asa One";DESECHABLES;5,000.00;;0.00;0.00;0.00;0.00;1;;;SÍ;NO;;;;;;SÍ;;;;
426;"Eyectores De Saliva Monoart Euronda";DESECHABLES;4,500.00;;0.00;0.00;0.00;0.00;2;;;SÍ;NO;;;;;;SÍ;;;;
426-4;"Eyectores De Saliva Marca Skydent";DESECHABLES;4,000.00;;0.00;0.00;0.00;0.00;8;;;SÍ;NO;;;;;;SÍ;;;;
237;"Espejos Dentales Desechables";DESECHABLES;1,100.00;;0.00;0.00;0.00;0.00;14;;;SÍ;NO;;;;;;SÍ;;;;
37;"Delantales Con Mangas Polietileno";DESECHABLES;690.00;;0.00;0.00;0.00;0.00;11;;;SÍ;NO;;;;;;SÍ;;;;
3072;"Cubre Jeringa Carpule Pediatrico Cocodrilo Angelus";DESECHABLES;7,990.00;;0.00;0.00;0.00;0.00;1;;;SÍ;NO;;;;;;SÍ;;;;
7806130015036;"Cubre Calzado Cranberry (50Pares)";DESECHABLES;4,000.00;;0.00;0.00;0.00;0.00;2;;;SÍ;NO;;;;;;SÍ;;;;
5;"Cubre Cabello MACHTIG Cofia Tipo Clip 100 Unidades";DESECHABLES;7,900.00;;0.00;0.00;0.00;0.00;1;;;SÍ;NO;;;;;;SÍ;;;;
235;"Camisa Paciente M&M";DESECHABLES;1,490.00;;0.00;0.00;0.00;0.00;3;;;SÍ;NO;;;;;;SÍ;;;;
107;"Caja Guantes Nitrilo Celestes M Avians 10 Unidades";DESECHABLES;38,000.00;;0.00;0.00;0.00;0.00;1;;;SÍ;NO;;;;;;SÍ;;;;
111-1;"Caja Guantes Nitrilo Celeste Talla S Clean Carrier";DESECHABLES;38,000.00;;0.00;0.00;0.00;0.00;2;;;SÍ;NO;;;;;;SÍ;;;;
107-1;"Caja Guantes Nitrilo Azul M Maxter 10 Unidades";DESECHABLES;38,000.00;;0.00;0.00;0.00;0.00;1;;;SÍ;NO;;;;;;SÍ;;;;
303;"Batas Quirurgicas Con Puńo 30gr MACHTIG";DESECHABLES;2,790.00;;0.00;0.00;0.00;0.00;14;;;SÍ;NO;;;;;;SÍ;;;;
7898288140791;"Barrera Gingival LysDam Gel 2,5g.";DESECHABLES;5,500.00;;0.00;0.00;0.00;0.00;1;;;SÍ;NO;;;;;;SÍ;;;;
525-5;"Aplicadores Adhesivos Tip Cotisen 30 Unidades";DESECHABLES;7,500.00;;0.00;0.00;0.00;0.00;2;;;SÍ;NO;;;;;;SÍ;;;;
1226-5;"Aguja Larga Sirio 27G X 1 1/2";DESECHABLES;9,000.00;;0.00;0.00;0.00;0.00;1;;;SÍ;NO;;;;;;SÍ;;;;
1244;"Aguja Larga M Ject 27G-L 30mm";DESECHABLES;6,500.00;;0.00;0.00;0.00;0.00;1;;;SÍ;NO;;;;;;SÍ;;;;
1226-2;"Aguja Corta Sirio 30G X 7/8";DESECHABLES;9,000.00;;0.00;0.00;0.00;0.00;1;;;SÍ;NO;;;;;;SÍ;;;;
387-6;"Sistema De Matrices Skydent 30piezas";"CUŃAS-BANDAS-HILOS R";16,000.00;;0.00;0.00;0.00;0.00;1;;;SÍ;NO;;;;;;SÍ;;;;
L1;"Lijas Metalicas 6 Mm Marca Coltene";"CUŃAS-BANDAS-HILOS R";6,000.00;;0.00;0.00;0.00;0.00;1;;;SÍ;NO;;;;;;SÍ;;;;
165-1;"Hilo Retractor GingiBRAID #1 Kerr";"CUŃAS-BANDAS-HILOS R";9,990.00;;0.00;0.00;0.00;0.00;1;;;SÍ;NO;;;;;;SÍ;;;;
8809370410080;"Hilo Retractor #1 (305cm) Smartcord";"CUŃAS-BANDAS-HILOS R";12,790.00;;0.00;0.00;0.00;0.00;1;;;SÍ;NO;;;;;;SÍ;;;;
165;"Hilo Retractor #1 (244cm) ULTRAPAK";"CUŃAS-BANDAS-HILOS R";17,400.00;;0.00;0.00;0.00;0.00;1;;;SÍ;NO;;;;;;SÍ;;;;
8809370410059;"Hilo Retractor #000 (305cm) Smartcord";"CUŃAS-BANDAS-HILOS R";12,790.00;;0.00;0.00;0.00;0.00;1;;;SÍ;NO;;;;;;SÍ;;;;
600;"Hilo Retractor #00 (244cm) I-Pak";"CUŃAS-BANDAS-HILOS R";11,500.00;;0.00;0.00;0.00;0.00;1;;;SÍ;NO;;;;;;SÍ;;;;
8809370410073;"Hilo Retractor #0 (305cm) Smartcord";"CUŃAS-BANDAS-HILOS R";12,790.00;;0.00;0.00;0.00;0.00;2;;;SÍ;NO;;;;;;SÍ;;;;
32;"Cuńas Plasticas Machtig (S, M, L)";"CUŃAS-BANDAS-HILOS R";5,690.00;;0.00;0.00;0.00;0.00;1;;;SÍ;NO;;;;;;SÍ;;;;
31;"Cuńas De Madera Xxl. Machtig";"CUŃAS-BANDAS-HILOS R";6,590.00;;0.00;0.00;0.00;0.00;2;;;SÍ;NO;;;;;;SÍ;;;;
30;"Cuńas De Madera Xs. Cotisen";"CUŃAS-BANDAS-HILOS R";6,590.00;;0.00;0.00;0.00;0.00;2;;;SÍ;NO;;;;;;SÍ;;;;
29;"Cuńas De Madera XL. Cotisen";"CUŃAS-BANDAS-HILOS R";6,590.00;;0.00;0.00;0.00;0.00;2;;;SÍ;NO;;;;;;SÍ;;;;
28;"Cuńas De Madera S. Cotisen";"CUŃAS-BANDAS-HILOS R";6,590.00;;0.00;0.00;0.00;0.00;1;;;SÍ;NO;;;;;;SÍ;;;;
29-2;"Cuńas De Madera Marca TDV Surtida";"CUŃAS-BANDAS-HILOS R";4,500.00;;0.00;0.00;0.00;0.00;1;;;SÍ;NO;;;;;;SÍ;;;;
29-1;"Cuńas De Madera Marca Kerr Surtida";"CUŃAS-BANDAS-HILOS R";8,500.00;;0.00;0.00;0.00;0.00;1;;;SÍ;NO;;;;;;SÍ;;;;
27;"Cuńas De Madera M. Cotisen";"CUŃAS-BANDAS-HILOS R";6,590.00;;0.00;0.00;0.00;0.00;2;;;SÍ;NO;;;;;;SÍ;;;;
26;"Cuńas De Madera L. Cotisen";"CUŃAS-BANDAS-HILOS R";6,590.00;;0.00;0.00;0.00;0.00;2;;;SÍ;NO;;;;;;SÍ;;;;
549-7;"Banda Natriz Sydent 7mm X 3mtrs";"CUŃAS-BANDAS-HILOS R";2,000.00;;0.00;0.00;0.00;0.00;1;;;SÍ;NO;;;;;;SÍ;;;;
7898561546173;"Banda Matriz Universal Maquira Pequeńo";"CUŃAS-BANDAS-HILOS R";15,590.00;;0.00;0.00;0.00;0.00;1;;;SÍ;NO;;;;;;SÍ;;;;
7898561546197;"Banda Matriz Universal Maquira Grande";"CUŃAS-BANDAS-HILOS R";15,590.00;;0.00;0.00;0.00;0.00;1;;;SÍ;NO;;;;;;SÍ;;;;
549-5;"Banda Matriz Metalica Skydent 5mm x 3mtrs";"CUŃAS-BANDAS-HILOS R";2,000.00;;0.00;0.00;0.00;0.00;1;;;SÍ;NO;;;;;;SÍ;;;;
549-2;"Banda Matriz 7mm x 3mts. Marca Clic Dental";"CUŃAS-BANDAS-HILOS R";4,000.00;;0.00;0.00;0.00;0.00;1;;;SÍ;NO;;;;;;SÍ;;;;
252;"Banda Matriz 6mm/0.05mm.15m. Kerr";"CUŃAS-BANDAS-HILOS R";3,900.00;;0.00;0.00;0.00;0.00;4;;;SÍ;NO;;;;;;SÍ;;;;
549-1;"Banda Matriz 5mm x 3mts.TDV";"CUŃAS-BANDAS-HILOS R";3,500.00;;0.00;0.00;0.00;0.00;1;;;SÍ;NO;;;;;;SÍ;;;;
412;"Sutura De Seda Negra Ehros (triangular 3/8, 3.0) 17mm";CIRUGIA;6,500.00;;0.00;0.00;0.00;0.00;1;;;SÍ;NO;;;;;;SÍ;;;;
24-2;"Sutura De Seda Negra Ehros (triangular 1/2, 4/0) 17mm";CIRUGIA;7,000.00;;0.00;0.00;0.00;0.00;1;;;SÍ;NO;;;;;;SÍ;;;;
24-1;"Sutura De Seda Negra Ehros (Circular 1/2, 4/0) 17mm";CIRUGIA;7,000.00;;0.00;0.00;0.00;0.00;2;;;SÍ;NO;;;;;;SÍ;;;;
24;"Sutura De Seda Negra Ehros (Circular 1/2, 3.0) 17mm";CIRUGIA;7,990.00;;0.00;0.00;0.00;0.00;2;;;SÍ;NO;;;;;;SÍ;;;;
414-9;"Sutura De Seda 3/0 SkyDent 3/8 Triangulo 25mm";CIRUGIA;6,000.00;;0.00;0.00;0.00;0.00;1;;;SÍ;NO;;;;;;SÍ;;;;
34-1;"Hojas De Bisturi Ehros Por Unidad";CIRUGIA;200.00;;0.00;0.00;0.00;0.00;50;;;SÍ;NO;;;;;;SÍ;;;;
598;"Gelita. Surgispon";CIRUGIA;5,500.00;;0.00;0.00;0.00;0.00;6;;;SÍ;NO;;;;;;SÍ;;;;
120;"Gasas Quirurgicas Non Woven Machtig (5x5 Cm)";CIRUGIA;1,500.00;;0.00;0.00;0.00;0.00;1;;;SÍ;NO;;;;;;SÍ;;;;
122;"Gasa Paquete 2X2-4PLY 200Pieces";CIRUGIA;1,590.00;;0.00;0.00;0.00;0.00;2;;;SÍ;NO;;;;;;SÍ;;;;
34-2;"Caja Hojas De Bisturi Ehros 100 Unidades Numero 15";CIRUGIA;12,000.00;;0.00;0.00;0.00;0.00;1;;;SÍ;NO;;;;;;SÍ;;;;
34;"Caja Hojas De Bisturi Ehros 100 Unidades Numero 11";CIRUGIA;12,000.00;;0.00;0.00;0.00;0.00;1;;;SÍ;NO;;;;;;SÍ;;;;
7800004001101;"Anestesia Topico Doldent 7.5% Gel 10 Gr";CIRUGIA;5,000.00;;0.00;0.00;0.00;0.00;3;;;SÍ;NO;;;;;;SÍ;;;;
428;"Anestesia Isocaina 3%";CIRUGIA;40,000.00;;0.00;0.00;0.00;0.00;2;;;SÍ;NO;;;;;;SÍ;;;;
7800004001842;"Anestesia Intracarelido-E Al 2% Tub-Plast Laboratorios Maver";CIRUGIA;28,000.00;;0.00;0.00;0.00;0.00;2;;;SÍ;NO;;;;;;SÍ;;;;
7894590502050;"Anestesia ARTICAINE100 al 4% Marca Dfl";CIRUGIA;45,000.00;;0.00;0.00;0.00;0.00;1;;;SÍ;NO;;;;;;SÍ;;;;
7894590533177;"Anestesia Alphacaine100 Al 2% Lidocaina";CIRUGIA;34,000.00;;0.00;0.00;0.00;0.00;3;;;SÍ;NO;;;;;;SÍ;;;;
7804629340072;"Aguja Dental Misawa Corta (12mm)";CIRUGIA;9,990.00;;0.00;0.00;0.00;0.00;1;;;SÍ;NO;;;;;;SÍ;;;;
1226-3;"Aguja Corta Sirio 30G 1/2 Xs";CIRUGIA;8,500.00;;0.00;0.00;0.00;0.00;1;;;SÍ;NO;;;;;;SÍ;;;;
6952367911663;"Aguja Corta 30G Dental Needle";CIRUGIA;6,500.00;;0.00;0.00;0.00;0.00;1;;;SÍ;NO;;;;;;SÍ;;;;
6931718110290;"Cepillos Para Protesis";"CEPILLOS DENTALES";2,990.00;;0.00;0.00;0.00;0.00;8;;;SÍ;NO;;;;;;SÍ;;;;
388;"Cepillo Tepe Compact Tuft";"CEPILLOS DENTALES";4,000.00;;0.00;0.00;0.00;0.00;5;;;SÍ;NO;;;;;;SÍ;;;;
3014260278939;"Cepillo Dental Oral-B 4-24 Meses Extra Suave";"CEPILLOS DENTALES";3,990.00;;0.00;0.00;0.00;0.00;49;;;SÍ;NO;;;;;;SÍ;;;;
7612412700077;"Cepillo Curaprox Ortho Ultra Soft";"CEPILLOS DENTALES";5,290.00;;0.00;0.00;0.00;0.00;10;;;SÍ;NO;;;;;;SÍ;;;;
7612412156003;"Cepillo CuraProx 1560 Soft";"CEPILLOS DENTALES";5,500.00;;0.00;0.00;0.00;0.00;5;;;SÍ;NO;;;;;;SÍ;;;;
7898288140203;"EUGENOL Marca Lysanda";CEPILLOS;4,500.00;;0.00;0.00;0.00;0.00;2;;;SÍ;NO;;;;;;SÍ;;;;
136-2;"Escobillas Para Profilaxis Cerda Suave Copa Fina";CEPILLOS;200.00;;0.00;0.00;0.00;0.00;68;;;SÍ;NO;;;;;;SÍ;;;;
410-1;"Escobilla Para Pulir Occlubrush X Unidad";CEMENTOS;2,400.00;;0.00;0.00;0.00;0.00;10;;;SÍ;NO;;;;;;SÍ;;;;
7897808337345;"Cemento Temporal Tempcemne. Vigodent";CEMENTOS;31,990.00;;0.00;0.00;0.00;0.00;1;;;SÍ;NO;;;;;;SÍ;;;;
222;"Cemento Resinoso Universal Maxcem Elite Chroma Kerr";CEMENTOS;39,000.00;;0.00;0.00;0.00;0.00;2;;;SÍ;NO;;;;;;SÍ;;;;
305;"Separador Labial Abreboca Frontal Machtig (L) (S)";BLANQUEAMIENTOS;2,600.00;;0.00;0.00;0.00;0.00;1;;;SÍ;NO;;;;;;SÍ;;;;
286;"Optragate Abreboca. Cotisen";BLANQUEAMIENTOS;3,000.00;;0.00;0.00;0.00;0.00;3;;;SÍ;NO;;;;;;SÍ;;;;
178;"Jeringa De Blanqueamiento. Opalescence 15% (Regular- Menta)";BLANQUEAMIENTOS;16,990.00;;0.00;0.00;0.00;0.00;1;;;SÍ;NO;;;;;;SÍ;;;;
178-9;"Jeringa De Blanqueamiento Opalescence 15% OFERTA";BLANQUEAMIENTOS;10,000.00;;0.00;0.00;0.00;0.00;1;;;SÍ;NO;;;;;;SÍ;;;;
7898288142139;"Jeringa De Blanqueamiento Lysmile 22";BLANQUEAMIENTOS;5,490.00;;0.00;0.00;0.00;0.00;1;;;SÍ;NO;;;;;;SÍ;;;;
7898288147134;"Blanqueamiento Profesional LYSMILE 35%";BLANQUEAMIENTOS;18,000.00;;0.00;0.00;0.00;0.00;1;;;SÍ;NO;;;;;;SÍ;;;;
485;"Blanqueador Opalescence Boost 40% Ultradent + Opaldam";BLANQUEAMIENTOS;35,000.00;;0.00;0.00;0.00;0.00;1;;;SÍ;NO;;;;;;SÍ;;;;
485-5;"Blanqueador Opalescence 20% Ultradent Pf Mint";BLANQUEAMIENTOS;15,500.00;;0.00;0.00;0.00;0.00;1;;;SÍ;NO;;;;;;SÍ;;;;
485-3;"Blanqueador Opalescence 15% Ultradent Pf Regular";BLANQUEAMIENTOS;15,500.00;;0.00;0.00;0.00;0.00;1;;;SÍ;NO;;;;;;SÍ;;;;
485-2;"Blanqueador Opalescence 15% Ultradent Pf Mint";BLANQUEAMIENTOS;15,500.00;;0.00;0.00;0.00;0.00;1;;;SÍ;NO;;;;;;SÍ;;;;
528-1;"Torulas De Algodon Lisas. Krems. 500unid";ALGODON;3,900.00;;0.00;0.00;0.00;0.00;1;;;SÍ;NO;;;;;;SÍ;;;;
9;"Torulas De Algodon Lisas MACHTIG 600 Unidades";ALGODON;3,500.00;;0.00;0.00;0.00;0.00;10;;;SÍ;NO;;;;;;SÍ;;;;
9-1;"Torula De Algodon Lisa Marca Skydent";ALGODON;3,500.00;;0.00;0.00;0.00;0.00;11;;;SÍ;NO;;;;;;SÍ;;;;
7898288142481;"Silano Lysanda";ACIDOS;7,000.00;;0.00;0.00;0.00;0.00;1;;;SÍ;NO;;;;;;SÍ;;;;
215-1;"Silane Ultradent 1,2ml";ACIDOS;10,500.00;;0.00;0.00;0.00;0.00;1;;;SÍ;NO;;;;;;SÍ;;;;
7898032320240;"Desensibilize KF FGM";ACIDOS;8,500.00;;0.00;0.00;0.00;0.00;1;;;SÍ;NO;;;;;;SÍ;;;;
7898229803082;"Acido Ortofosfňrico Microdont 37% 3 Jer. 2.5ml";ACIDOS;4,500.00;;0.00;0.00;0.00;0.00;2;;;SÍ;NO;;;;;;SÍ;;;;
7898288140753;"Acido Ortofosfňrico Lysanda 37% 3 Jer. 2.5ml";ACIDOS;4,000.00;;0.00;0.00;0.00;0.00;2;;;SÍ;NO;;;;;;SÍ;;;;
170;"Acido Orthofosforico Kerr 3 Jeringas";ACIDOS;8,500.00;;0.00;0.00;0.00;0.00;1;;;SÍ;NO;;;;;;SÍ;;;;
171;"Acido Fosforico Gelacid 37%";ACIDOS;3,000.00;;0.00;0.00;0.00;0.00;10;;;SÍ;NO;;;;;;SÍ;;;;
7899633829941;"Acido Fosforico Gel Condac 37% FGM 3 Jeringas";ACIDOS;5,500.00;;0.00;0.00;0.00;0.00;4;;;SÍ;NO;;;;;;SÍ;;;;
12-9;"Ac. Fluoridico 9 % Porcelain Etch";ACIDOS;10,000.00;;0.00;0.00;0.00;0.00;2;;;SÍ;NO;;;;;;SÍ;;;;
